station_name,station_lat,station_lng,rider_type,endpoint_role,percent_of_endpoint_role_x_rider_type,running_count,total_count
Shedd Aquarium,41.867228239019695,-87.61537003995181,member,start,0.1242932852120161,2269266,2982462
Clinton St & Washington Blvd,41.88323189219355,-87.64118211359806,casual,start,0.23193133301561356,813302,1619876
State St & Chicago Ave,41.89661657394328,-87.62858010347027,casual,start,0.4552817623077322,369079,1619876
DuSable Lake Shore Dr & Monroe St,41.88096025449028,-87.61674373756692,member,start,0.2887211974536473,1170110,2982462
Theater on the Lake,41.9262766323222,-87.63083513759794,member,start,0.4012121529125937,634798,2982462
Franklin St & Monroe St,41.88031625873694,-87.63518484011468,member,start,0.41884858885041953,586149,2982462
Michigan Ave & Oak St,41.90096116848844,-87.62377517666353,member,start,0.4533838151165044,456698,2982462
Navy Pier,41.892279875274404,-87.61204589320545,member,start,0.4651861448695742,415722,2982462
Daley Center Plaza,41.88424075497474,-87.6296334019633,member,start,0.4964019658926082,315909,2982462
Clark St & Armitage Ave,41.91830590101953,-87.63628383896142,member,start,0.5041807741389497,301104,2982462
DuSable Lake Shore Dr & North Blvd,41.9117224086977,-87.62680405733994,member,start,0.5063266522758714,286067,2982462
Canal St & Adams St,41.87925502089962,-87.63990649492861,member,start,0.5108531139709408,270966,2982462
Kingsbury St & Erie St,41.893906723311474,-87.64173801324614,member,start,0.5240636762513654,255730,2982462
Millennium Park,41.88103429018962,-87.62408479997065,member,start,0.284027089029131,1187106,2982462
University Ave & 57th St,41.79147794830312,-87.59986217847447,member,start,0.5332171876791725,224389,2982462
Wells St & Hubbard St,41.88990952184859,-87.63426982717843,member,start,0.5406271731207305,208486,2982462
Kingsbury St & Kinzie St,41.88916794331457,-87.63849398750075,member,start,0.5635947750549714,192362,2982462
Wells St & Huron St,41.89478988238097,-87.63438108273776,member,start,0.6023882282490104,175553,2982462
Clark St & Elm St,41.90296506574766,-87.63130768074191,member,start,0.6025894043243468,157587,2982462
Clinton St & Jackson Blvd,41.87831888542626,-87.64098495269103,member,start,0.6384993337718972,139615,2982462
Clinton St & Washington Blvd,41.88323519463374,-87.64118629276884,member,start,0.6409134466759342,120572,2982462
Wells St & Elm St,41.9032195855065,-87.63434277673969,member,start,0.644065205189538,101457,2982462
Wells St & Concord Ln,41.91213029645219,-87.63465809113207,member,start,0.6441657932272062,82248,2982462
Clinton St & Madison St,41.88232618757907,-87.64117759299984,member,start,0.6574769435452992,63036,2982462
State St & Chicago Ave,41.896616781202,-87.62858114357573,member,start,0.7005286236672923,43427,2982462
Canal St & Madison St,41.88240556576735,-87.63976331668442,member,start,0.7555502802718023,22534,2982462
Navy Pier,41.89227800000121,-87.61204300000087,casual,start,2.837995007025229,45972,1619876
Desplaines St & Kinzie St,41.88871075273055,-87.64444736299497,member,start,0.5267795532684071,240100,2982462
Michigan Ave & Oak St,41.900960669189445,-87.62377602777599,casual,start,1.3870814803108387,100607,1619876
DuSable Lake Shore Dr & North Blvd,41.91172214519729,-87.62680401306172,casual,start,1.2216367178722323,120396,1619876
Millennium Park,41.88103312148464,-87.62408459760144,casual,start,1.1195301368746742,138531,1619876
Shedd Aquarium,41.867226968889476,-87.6153618038638,casual,start,1.041190807197588,155397,1619876
Theater on the Lake,41.92627665213445,-87.63083493234272,casual,start,0.9854457995550276,171360,1619876
Clark St & Armitage Ave,41.91830591917159,-87.63628279426986,casual,start,0.5817729258288906,246726,1619876
Wells St & Concord Ln,41.91213184801669,-87.63465684692152,casual,start,0.5717721603381987,255988,1619876
Clark St & Elm St,41.902965559418746,-87.63130548448093,casual,start,0.521274467922236,308100,1619876
Wells St & Elm St,41.90322164596611,-87.6343315684133,casual,start,0.49293896569860907,316085,1619876
Wells St & Huron St,41.89479249556632,-87.63437770263243,casual,start,0.4605908106546427,354303,1619876
Wells St & Hubbard St,41.88990781575158,-87.63426794157044,casual,start,0.45688682343586795,361704,1619876
DuSable Lake Shore Dr & Monroe St,41.8809592736554,-87.61674359228822,casual,start,1.9857075479851545,78138,1619876
Canal St & Madison St,41.88240566588069,-87.63976503704451,casual,start,0.40805592526835394,409921,1619876
Clinton St & Madison St,41.88235589567386,-87.64117769313613,casual,start,0.39922808906360735,422934,1619876
Desplaines St & Kinzie St,41.88871340018929,-87.64444818255036,casual,start,0.3800290886462914,435268,1619876
Daley Center Plaza,41.88424067275653,-87.62963329894387,casual,start,0.34977985969296416,464185,1619876
Kingsbury St & Kinzie St,41.889171220557266,-87.63849966439328,casual,start,0.3350873770584909,502982,1619876
University Ave & 57th St,41.79147783422605,-87.5998624150338,casual,start,0.3150241129567942,555724,1619876
Clinton St & Jackson Blvd,41.87831744255241,-87.64098428408072,casual,start,0.3113201257380194,576009,1619876
Kingsbury St & Erie St,41.893906916578906,-87.64173640320331,casual,start,0.28428101904096365,642608,1619876
Canal St & Adams St,41.8792548374053,-87.63990662227725,casual,start,0.2629830925330087,695533,1619876
Franklin St & Monroe St,41.88031589373247,-87.635184050674,casual,start,0.18340910044966405,949897,1619876
Clinton St & Jackson Blvd,41.87831662293854,-87.64098109556475,member,end,0.6194888214164989,157695,2990853
University Ave & 57th St,41.79147799999974,-87.59986100000015,casual,end,0.3086115720442148,569152,1573499
Daley Center Plaza,41.88424087802259,-87.62963349028371,member,end,0.53215587660109,240309,2990853
Millennium Park,41.88103170000004,-87.6240843200002,member,end,0.2550442967273885,1405889,2990853
DuSable Lake Shore Dr & Monroe St,41.88095801744797,-87.61674300113127,member,end,0.30924288154583324,1027630,2990853
Theater on the Lake,41.9262769999995,-87.63083399999994,member,end,0.3853081378456246,727619,2990853
Navy Pier,41.892277999999564,-87.6120430000006,member,end,0.41315972399847134,597398,2990853
Shedd Aquarium,41.867225956819766,-87.6153553901995,member,end,0.15233112426454928,2068402,2990853
DuSable Lake Shore Dr & North Blvd,41.911722004081575,-87.62680400313788,member,end,0.46732487353942176,401988,2990853
Desplaines St & Kinzie St,41.88871603600045,-87.6444478532985,member,end,0.499589916321531,316349,2990853
Canal St & Adams St,41.87925512992977,-87.63990408599476,member,end,0.501194809641263,301407,2990853
Franklin St & Monroe St,41.88031614985366,-87.63518439275222,member,end,0.5120612748269473,286417,2990853
Clark St & Armitage Ave,41.91830562042602,-87.63628174926401,member,end,0.5123621923243971,271102,2990853
Kingsbury St & Erie St,41.89391389999962,-87.64173579999989,member,end,0.5172103075610871,255778,2990853
Canal St & Madison St,41.88240899999953,-87.63976699999772,member,end,0.7323663182376399,21904,2990853
University Ave & 57th St,41.791478003885615,-87.59986035315721,member,end,0.5326239704860118,224393,2990853
Wells St & Hubbard St,41.88990599999883,-87.63426599999985,member,end,0.5460983873162606,208463,2990853
Kingsbury St & Kinzie St,41.88916867905444,-87.63849388320654,member,end,0.5677644471326407,192130,2990853
Wells St & Huron St,41.89479530000076,-87.63437430000036,member,end,0.5835793333874985,175149,2990853
State St & Chicago Ave,41.896617200409025,-87.62857854366302,member,end,0.7192262541823353,43415,2990853
Clinton St & Washington Blvd,41.88322994759224,-87.64117795624372,member,end,0.6208262325162754,139167,2990853
Clark St & Elm St,41.902969999999364,-87.63130000000089,member,end,0.6248719010930995,120599,2990853
Wells St & Elm St,41.903221999999445,-87.63432400000163,member,end,0.6373766948760103,101910,2990853
Wells St & Concord Ln,41.91213300000054,-87.63465600000023,member,end,0.648744689224111,82847,2990853
Michigan Ave & Oak St,41.90096038999994,-87.62377663999953,member,end,0.43185004411784866,509297,2990853
Navy Pier,41.892278000005284,-87.61204299999146,casual,end,3.0041963801692915,47271,1573499
Wells St & Concord Ln,41.912133000000296,-87.63465599999988,casual,end,0.5864001184621026,234867,1573499
Michigan Ave & Oak St,41.900960390000044,-87.62377663999517,casual,end,1.4579608884403485,100067,1573499
DuSable Lake Shore Dr & North Blvd,41.91172199999975,-87.6268039999996,casual,end,1.4157619420158514,122344,1573499
Millennium Park,41.88103170000115,-87.62408432000275,casual,end,1.2163337885820074,141483,1573499
Theater on the Lake,41.92627700000066,-87.63083400000201,casual,end,1.1134420803572167,159003,1573499
Shedd Aquarium,41.86722596357065,-87.61535540827809,casual,end,0.9534165576209455,174005,1573499
DuSable Lake Shore Dr & Monroe St,41.88095799999818,-87.61674299999737,casual,end,1.897363773348442,77126,1573499
Clark St & Armitage Ave,41.91830599999967,-87.63628200000076,casual,end,0.5797270922955783,262326,1573499
Wells St & Elm St,41.90322200000047,-87.63432399999928,casual,end,0.5001591993385442,295115,1573499
Clark St & Elm St,41.90297000000019,-87.63129999999909,casual,end,0.4537657793236602,354746,1573499
State St & Chicago Ave,41.896617200407505,-87.62857854366302,casual,end,0.44340670060800796,368775,1573499
Canal St & Madison St,41.88240900000015,-87.63976700000042,casual,end,0.44251696378580474,375738,1573499
Wells St & Huron St,41.89479529999992,-87.63437430000116,casual,end,0.41499867492766124,395781,1573499
Wells St & Hubbard St,41.88990599999982,-87.63426599999949,casual,end,0.39688617533280923,414818,1573499
Clinton St & Madison St,41.88237509257243,-87.64117638489722,casual,end,0.3806167020125211,432910,1573499
Clinton St & Jackson Blvd,41.8783166118304,-87.64098107814789,casual,end,0.35297130789406284,450183,1573499
Desplaines St & Kinzie St,41.88871603599968,-87.64444785330025,casual,end,0.33447749251826664,498769,1573499
Kingsbury St & Kinzie St,41.88917114463722,-87.63849747825216,casual,end,0.3234828875010407,524570,1573499
Franklin St & Monroe St,41.8803160367169,-87.63518431194042,casual,end,0.2059740743400536,876994,1573499
Clinton St & Washington Blvd,41.88323209606957,-87.6411777844179,casual,end,0.2765174938147403,660027,1573499
Daley Center Plaza,41.88424082769441,-87.62963331077803,casual,end,0.26298078359121935,689668,1573499
Kingsbury St & Erie St,41.893913899999816,-87.64173580000069,casual,end,0.2533207838072983,714014,1573499
Canal St & Adams St,41.87925499999989,-87.63990399999969,casual,end,0.25281236276603924,721974,1573499
Clinton St & Madison St,41.882330368469525,-87.64117473470422,member,end,0.6696751729356141,63444,2990853
