weekday,day_number,day_occurrences,start_hour,rider_type,ride_count,avg_rides
Monday,1,52,0,casual,3782,72.73076923076923
Monday,1,52,0,member,2651,50.98076923076923
Monday,1,52,1,casual,2276,43.76923076923077
Monday,1,52,1,member,1549,29.78846153846154
Monday,1,52,2,casual,1522,29.26923076923077
Monday,1,52,2,member,954,18.346153846153847
Monday,1,52,3,casual,885,17.01923076923077
Monday,1,52,3,member,730,14.038461538461538
Monday,1,52,4,casual,872,16.76923076923077
Monday,1,52,4,member,1246,23.96153846153846
Monday,1,52,5,casual,1644,31.615384615384617
Monday,1,52,5,member,5832,112.15384615384616
Monday,1,52,6,casual,3889,74.78846153846153
Monday,1,52,6,member,17442,335.4230769230769
Monday,1,52,7,casual,6846,131.65384615384616
Monday,1,52,7,member,34512,663.6923076923077
Monday,1,52,8,casual,9289,178.6346153846154
Monday,1,52,8,member,42948,825.9230769230769
Monday,1,52,9,casual,7906,152.03846153846155
Monday,1,52,9,member,23461,451.1730769230769
Monday,1,52,10,casual,8825,169.71153846153845
Monday,1,52,10,member,16785,322.78846153846155
Monday,1,52,11,casual,11460,220.3846153846154
Monday,1,52,11,member,19933,383.3269230769231
Monday,1,52,12,casual,13964,268.53846153846155
Monday,1,52,12,member,23466,451.2692307692308
Monday,1,52,13,casual,15023,288.90384615384613
Monday,1,52,13,member,23342,448.88461538461536
Monday,1,52,14,casual,15856,304.9230769230769
Monday,1,52,14,member,24457,470.3269230769231
Monday,1,52,15,casual,18039,346.90384615384613
Monday,1,52,15,member,33755,649.1346153846154
Monday,1,52,16,casual,22017,423.40384615384613
Monday,1,52,16,member,53602,1030.8076923076924
Monday,1,52,17,casual,25438,489.1923076923077
Monday,1,52,17,member,66020,1269.6153846153845
Monday,1,52,18,casual,20779,399.59615384615387
Monday,1,52,18,member,47753,918.3269230769231
Monday,1,52,19,casual,15274,293.7307692307692
Monday,1,52,19,member,31802,611.5769230769231
Monday,1,52,20,casual,11077,213.01923076923077
Monday,1,52,20,member,21650,416.34615384615387
Monday,1,52,21,casual,8586,165.1153846153846
Monday,1,52,21,member,15887,305.5192307692308
Monday,1,52,22,casual,6832,131.3846153846154
Monday,1,52,22,member,9701,186.55769230769232
Monday,1,52,23,casual,4074,78.34615384615384
Monday,1,52,23,member,4726,90.88461538461539
Tuesday,2,53,0,casual,3095,58.39622641509434
Tuesday,2,53,0,member,2521,47.56603773584906
Tuesday,2,53,1,casual,1632,30.79245283018868
Tuesday,2,53,1,member,1293,24.39622641509434
Tuesday,2,53,2,casual,1076,20.30188679245283
Tuesday,2,53,2,member,747,14.09433962264151
Tuesday,2,53,3,casual,594,11.20754716981132
Tuesday,2,53,3,member,662,12.49056603773585
Tuesday,2,53,4,casual,733,13.830188679245284
Tuesday,2,53,4,member,1327,25.037735849056602
Tuesday,2,53,5,casual,1815,34.24528301886792
Tuesday,2,53,5,member,7180,135.47169811320754
Tuesday,2,53,6,casual,4606,86.90566037735849
Tuesday,2,53,6,member,21923,413.64150943396226
Tuesday,2,53,7,casual,8635,162.9245283018868
Tuesday,2,53,7,member,44795,845.188679245283
Tuesday,2,53,8,casual,11916,224.83018867924528
Tuesday,2,53,8,member,56670,1069.245283018868
Tuesday,2,53,9,casual,8448,159.39622641509433
Tuesday,2,53,9,member,27054,510.45283018867923
Tuesday,2,53,10,casual,7662,144.56603773584905
Tuesday,2,53,10,member,17996,339.54716981132077
Tuesday,2,53,11,casual,9513,179.49056603773585
Tuesday,2,53,11,member,20802,392.49056603773585
Tuesday,2,53,12,casual,11582,218.52830188679246
Tuesday,2,53,12,member,24992,471.54716981132077
Tuesday,2,53,13,casual,12151,229.26415094339623
Tuesday,2,53,13,member,24119,455.07547169811323
Tuesday,2,53,14,casual,12866,242.75471698113208
Tuesday,2,53,14,member,24209,456.77358490566036
Tuesday,2,53,15,casual,15220,287.1698113207547
Tuesday,2,53,15,member,35599,671.6792452830189
Tuesday,2,53,16,casual,21057,397.3018867924528
Tuesday,2,53,16,member,61694,1164.0377358490566
Tuesday,2,53,17,casual,26721,504.1698113207547
Tuesday,2,53,17,member,75750,1429.245283018868
Tuesday,2,53,18,casual,23462,442.6792452830189
Tuesday,2,53,18,member,55336,1044.0754716981132
Tuesday,2,53,19,casual,17253,325.52830188679246
Tuesday,2,53,19,member,37273,703.2641509433962
Tuesday,2,53,20,casual,12766,240.8679245283019
Tuesday,2,53,20,member,26056,491.62264150943395
Tuesday,2,53,21,casual,11508,217.1320754716981
Tuesday,2,53,21,member,20017,377.6792452830189
Tuesday,2,53,22,casual,7536,142.18867924528303
Tuesday,2,53,22,member,11905,224.62264150943398
Tuesday,2,53,23,casual,3960,74.71698113207547
Tuesday,2,53,23,member,5789,109.22641509433963
Wednesday,3,52,0,casual,2862,55.03846153846154
Wednesday,3,52,0,member,2841,54.63461538461539
Wednesday,3,52,1,casual,1542,29.653846153846153
Wednesday,3,52,1,member,1368,26.307692307692307
Wednesday,3,52,2,casual,1006,19.346153846153847
Wednesday,3,52,2,member,742,14.26923076923077
Wednesday,3,52,3,casual,618,11.884615384615385
Wednesday,3,52,3,member,641,12.326923076923077
Wednesday,3,52,4,casual,782,15.038461538461538
Wednesday,3,52,4,member,1183,22.75
Wednesday,3,52,5,casual,1977,38.01923076923077
Wednesday,3,52,5,member,7248,139.3846153846154
Wednesday,3,52,6,casual,4624,88.92307692307692
Wednesday,3,52,6,member,21508,413.61538461538464
Wednesday,3,52,7,casual,9020,173.46153846153845
Wednesday,3,52,7,member,45107,867.4423076923077
Wednesday,3,52,8,casual,12297,236.48076923076923
Wednesday,3,52,8,member,54925,1056.25
Wednesday,3,52,9,casual,7807,150.1346153846154
Wednesday,3,52,9,member,26873,516.7884615384615
Wednesday,3,52,10,casual,7036,135.30769230769232
Wednesday,3,52,10,member,18047,347.0576923076923
Wednesday,3,52,11,casual,8792,169.07692307692307
Wednesday,3,52,11,member,20520,394.61538461538464
Wednesday,3,52,12,casual,10497,201.8653846153846
Wednesday,3,52,12,member,24178,464.96153846153845
Wednesday,3,52,13,casual,10412,200.23076923076923
Wednesday,3,52,13,member,22931,440.9807692307692
Wednesday,3,52,14,casual,11388,219.0
Wednesday,3,52,14,member,23456,451.0769230769231
Wednesday,3,52,15,casual,14243,273.90384615384613
Wednesday,3,52,15,member,35008,673.2307692307693
Wednesday,3,52,16,casual,19747,379.75
Wednesday,3,52,16,member,58702,1128.8846153846155
Wednesday,3,52,17,casual,26377,507.25
Wednesday,3,52,17,member,72121,1386.9423076923076
Wednesday,3,52,18,casual,22744,437.38461538461536
Wednesday,3,52,18,member,53710,1032.8846153846155
Wednesday,3,52,19,casual,17124,329.3076923076923
Wednesday,3,52,19,member,36068,693.6153846153846
Wednesday,3,52,20,casual,12508,240.53846153846155
Wednesday,3,52,20,member,25046,481.65384615384613
Wednesday,3,52,21,casual,10860,208.84615384615384
Wednesday,3,52,21,member,19503,375.0576923076923
Wednesday,3,52,22,casual,7797,149.94230769230768
Wednesday,3,52,22,member,12474,239.8846153846154
Wednesday,3,52,23,casual,4569,87.86538461538461
Wednesday,3,52,23,member,6198,119.1923076923077
Thursday,4,52,0,casual,3142,60.42307692307692
Thursday,4,52,0,member,3162,60.80769230769231
Thursday,4,52,1,casual,1896,36.46153846153846
Thursday,4,52,1,member,1643,31.596153846153847
Thursday,4,52,2,casual,1125,21.634615384615383
Thursday,4,52,2,member,880,16.923076923076923
Thursday,4,52,3,casual,714,13.73076923076923
Thursday,4,52,3,member,669,12.865384615384615
Thursday,4,52,4,casual,811,15.596153846153847
Thursday,4,52,4,member,1296,24.923076923076923
Thursday,4,52,5,casual,1781,34.25
Thursday,4,52,5,member,6025,115.86538461538461
Thursday,4,52,6,casual,4392,84.46153846153847
Thursday,4,52,6,member,19970,384.03846153846155
Thursday,4,52,7,casual,9044,173.92307692307693
Thursday,4,52,7,member,42120,810.0
Thursday,4,52,8,casual,12185,234.32692307692307
Thursday,4,52,8,member,54157,1041.4807692307693
Thursday,4,52,9,casual,8976,172.6153846153846
Thursday,4,52,9,member,28299,544.2115384615385
Thursday,4,52,10,casual,8377,161.09615384615384
Thursday,4,52,10,member,19543,375.8269230769231
Thursday,4,52,11,casual,10641,204.6346153846154
Thursday,4,52,11,member,22511,432.90384615384613
Thursday,4,52,12,casual,13043,250.82692307692307
Thursday,4,52,12,member,26706,513.5769230769231
Thursday,4,52,13,casual,13493,259.4807692307692
Thursday,4,52,13,member,25195,484.5192307692308
Thursday,4,52,14,casual,14446,277.8076923076923
Thursday,4,52,14,member,25452,489.46153846153845
Thursday,4,52,15,casual,17160,330.0
Thursday,4,52,15,member,36628,704.3846153846154
Thursday,4,52,16,casual,22806,438.5769230769231
Thursday,4,52,16,member,58629,1127.4807692307693
Thursday,4,52,17,casual,28696,551.8461538461538
Thursday,4,52,17,member,70403,1353.9038461538462
Thursday,4,52,18,casual,24697,474.9423076923077
Thursday,4,52,18,member,52074,1001.4230769230769
Thursday,4,52,19,casual,18133,348.71153846153845
Thursday,4,52,19,member,35149,675.9423076923077
Thursday,4,52,20,casual,12728,244.76923076923077
Thursday,4,52,20,member,24418,469.5769230769231
Thursday,4,52,21,casual,10329,198.6346153846154
Thursday,4,52,21,member,18267,351.28846153846155
Thursday,4,52,22,casual,9065,174.32692307692307
Thursday,4,52,22,member,13805,265.4807692307692
Thursday,4,52,23,casual,6863,131.98076923076923
Thursday,4,52,23,member,8708,167.46153846153845
Friday,5,52,0,casual,5365,103.17307692307692
Friday,5,52,0,member,4785,92.01923076923077
Friday,5,52,1,casual,3321,63.86538461538461
Friday,5,52,1,member,2618,50.34615384615385
Friday,5,52,2,casual,1928,37.07692307692308
Friday,5,52,2,member,1361,26.173076923076923
Friday,5,52,3,casual,1035,19.903846153846153
Friday,5,52,3,member,985,18.942307692307693
Friday,5,52,4,casual,1072,20.615384615384617
Friday,5,52,4,member,1351,25.98076923076923
Friday,5,52,5,casual,1952,37.53846153846154
Friday,5,52,5,member,5759,110.75
Friday,5,52,6,casual,4318,83.03846153846153
Friday,5,52,6,member,15766,303.1923076923077
Friday,5,52,7,casual,7468,143.6153846153846
Friday,5,52,7,member,28600,550.0
Friday,5,52,8,casual,9638,185.34615384615384
Friday,5,52,8,member,35404,680.8461538461538
Friday,5,52,9,casual,9381,180.40384615384616
Friday,5,52,9,member,24029,462.09615384615387
Friday,5,52,10,casual,11017,211.8653846153846
Friday,5,52,10,member,19864,382.0
Friday,5,52,11,casual,15310,294.4230769230769
Friday,5,52,11,member,24797,476.86538461538464
Friday,5,52,12,casual,19079,366.90384615384613
Friday,5,52,12,member,30058,578.0384615384615
Friday,5,52,13,casual,20406,392.4230769230769
Friday,5,52,13,member,30908,594.3846153846154
Friday,5,52,14,casual,21003,403.90384615384613
Friday,5,52,14,member,30759,591.5192307692307
Friday,5,52,15,casual,24616,473.38461538461536
Friday,5,52,15,member,39271,755.2115384615385
Friday,5,52,16,casual,29627,569.75
Friday,5,52,16,member,52455,1008.75
Friday,5,52,17,casual,31606,607.8076923076923
Friday,5,52,17,member,55726,1071.6538461538462
Friday,5,52,18,casual,27635,531.4423076923077
Friday,5,52,18,member,45485,874.7115384615385
Friday,5,52,19,casual,21088,405.53846153846155
Friday,5,52,19,member,32511,625.2115384615385
Friday,5,52,20,casual,14829,285.1730769230769
Friday,5,52,20,member,22005,423.1730769230769
Friday,5,52,21,casual,12510,240.57692307692307
Friday,5,52,21,member,16853,324.09615384615387
Friday,5,52,22,casual,12487,240.1346153846154
Friday,5,52,22,member,14757,283.78846153846155
Friday,5,52,23,casual,11496,221.07692307692307
Friday,5,52,23,member,11631,223.67307692307693
Saturday,6,52,0,casual,11151,214.44230769230768
Saturday,6,52,0,member,9286,178.57692307692307
Saturday,6,52,1,casual,7973,153.32692307692307
Saturday,6,52,1,member,6124,117.76923076923077
Saturday,6,52,2,casual,5154,99.11538461538461
Saturday,6,52,2,member,3728,71.6923076923077
Saturday,6,52,3,casual,2740,52.69230769230769
Saturday,6,52,3,member,1977,38.01923076923077
Saturday,6,52,4,casual,1549,29.78846153846154
Saturday,6,52,4,member,1165,22.403846153846153
Saturday,6,52,5,casual,1370,26.346153846153847
Saturday,6,52,5,member,2185,42.01923076923077
Saturday,6,52,6,casual,2605,50.09615384615385
Saturday,6,52,6,member,5253,101.01923076923077
Saturday,6,52,7,casual,4711,90.59615384615384
Saturday,6,52,7,member,9451,181.75
Saturday,6,52,8,casual,9221,177.32692307692307
Saturday,6,52,8,member,17098,328.8076923076923
Saturday,6,52,9,casual,15345,295.09615384615387
Saturday,6,52,9,member,24053,462.5576923076923
Saturday,6,52,10,casual,23198,446.11538461538464
Saturday,6,52,10,member,30434,585.2692307692307
Saturday,6,52,11,casual,29340,564.2307692307693
Saturday,6,52,11,member,34524,663.9230769230769
Saturday,6,52,12,casual,33977,653.4038461538462
Saturday,6,52,12,member,36003,692.3653846153846
Saturday,6,52,13,casual,34450,662.5
Saturday,6,52,13,member,35813,688.7115384615385
Saturday,6,52,14,casual,35817,688.7884615384615
Saturday,6,52,14,member,36003,692.3653846153846
Saturday,6,52,15,casual,36845,708.5576923076923
Saturday,6,52,15,member,36168,695.5384615384615
Saturday,6,52,16,casual,35753,687.5576923076923
Saturday,6,52,16,member,36218,696.5
Saturday,6,52,17,casual,31672,609.0769230769231
Saturday,6,52,17,member,33702,648.1153846153846
Saturday,6,52,18,casual,26919,517.6730769230769
Saturday,6,52,18,member,31092,597.9230769230769
Saturday,6,52,19,casual,20993,403.71153846153845
Saturday,6,52,19,member,23869,459.0192307692308
Saturday,6,52,20,casual,15465,297.40384615384613
Saturday,6,52,20,member,17077,328.40384615384613
Saturday,6,52,21,casual,14376,276.46153846153845
Saturday,6,52,21,member,15232,292.9230769230769
Saturday,6,52,22,casual,14976,288.0
Saturday,6,52,22,member,14332,275.61538461538464
Saturday,6,52,23,casual,11663,224.28846153846155
Saturday,6,52,23,member,11105,213.55769230769232
Sunday,7,52,0,casual,11654,224.1153846153846
Sunday,7,52,0,member,8756,168.3846153846154
Sunday,7,52,1,casual,7996,153.76923076923077
Sunday,7,52,1,member,5997,115.32692307692308
Sunday,7,52,2,casual,5421,104.25
Sunday,7,52,2,member,3843,73.90384615384616
Sunday,7,52,3,casual,3105,59.71153846153846
Sunday,7,52,3,member,2308,44.38461538461539
Sunday,7,52,4,casual,2022,38.88461538461539
Sunday,7,52,4,member,1585,30.48076923076923
Sunday,7,52,5,casual,1889,36.32692307692308
Sunday,7,52,5,member,2037,39.17307692307692
Sunday,7,52,6,casual,2950,56.73076923076923
Sunday,7,52,6,member,4392,84.46153846153847
Sunday,7,52,7,casual,4620,88.84615384615384
Sunday,7,52,7,member,6927,133.21153846153845
Sunday,7,52,8,casual,7645,147.01923076923077
Sunday,7,52,8,member,12075,232.21153846153845
Sunday,7,52,9,casual,12826,246.65384615384616
Sunday,7,52,9,member,18964,364.6923076923077
Sunday,7,52,10,casual,18911,363.6730769230769
Sunday,7,52,10,member,25204,484.6923076923077
Sunday,7,52,11,casual,23648,454.7692307692308
Sunday,7,52,11,member,29404,565.4615384615385
Sunday,7,52,12,casual,26806,515.5
Sunday,7,52,12,member,31443,604.6730769230769
Sunday,7,52,13,casual,27711,532.9038461538462
Sunday,7,52,13,member,31420,604.2307692307693
Sunday,7,52,14,casual,28748,552.8461538461538
Sunday,7,52,14,member,31855,612.5961538461538
Sunday,7,52,15,casual,29745,572.0192307692307
Sunday,7,52,15,member,32778,630.3461538461538
Sunday,7,52,16,casual,28402,546.1923076923077
Sunday,7,52,16,member,32800,630.7692307692307
Sunday,7,52,17,casual,23610,454.03846153846155
Sunday,7,52,17,member,29500,567.3076923076923
Sunday,7,52,18,casual,20105,386.63461538461536
Sunday,7,52,18,member,27212,523.3076923076923
Sunday,7,52,19,casual,14701,282.71153846153845
Sunday,7,52,19,member,19757,379.9423076923077
Sunday,7,52,20,casual,10658,204.96153846153845
Sunday,7,52,20,member,14465,278.1730769230769
Sunday,7,52,21,casual,8290,159.42307692307693
Sunday,7,52,21,member,11269,216.71153846153845
Sunday,7,52,22,casual,7074,136.03846153846155
Sunday,7,52,22,member,8281,159.25
Sunday,7,52,23,casual,4623,88.90384615384616
Sunday,7,52,23,member,4815,92.59615384615384
