start_hour,day_of_the_week_started_on,member_rides,casual_rides,member_daily_percent,casual_daily_percent
0,Monday,2996,4378,0.5091627196359045,1.6110988444836976
1,Monday,1771,2591,0.30097702819599026,0.9534849488481637
2,Monday,1067,1749,0.18133398593174568,0.6436299403841907
3,Monday,836,1025,0.14207611268879042,0.37719879296386255
4,Monday,1427,978,0.24251508708959804,0.35990284831088537
5,Monday,6599,1894,1.1214835737240767,0.6969897696327372
6,Monday,19825,4439,3.3692092512622853,1.6335467726503274
7,Monday,38772,7881,6.589204594700697,2.900198719364098
8,Monday,47984,10636,8.154760994328852,3.9140354750864796
9,Monday,26097,9050,4.435119991434646,3.330389342754103
10,Monday,18666,10047,3.1722400950346437,3.69728416869066
11,Monday,22216,13118,3.7755537314523546,4.827408552292633
12,Monday,26119,15935,4.438858836505403,5.864061235004048
13,Monday,25892,17067,4.400280753275313,6.2806359019651135
14,Monday,27204,17909,4.623251877495042,6.590490910429087
15,Monday,37237,20297,6.328335177263742,7.469272098329285
16,Monday,59876,25060,10.175776702576574,9.222050489438434
17,Monday,74148,29392,12.601267468478985,10.816221388091558
18,Monday,54020,24259,9.180564123742176,8.927283432693017
19,Monday,36342,18218,6.176232161885194,6.70420254655185
20,Monday,25029,13206,4.253616057999684,4.859792448664164
21,Monday,18041,10081,3.066022905524483,3.709796128652388
22,Monday,10897,7878,1.8519179425475472,2.8990947228968866
23,Monday,5356,4652,0.9102388272262698,1.7119305218223302
0,Tuesday,2790,3475,0.4199283864063612,1.3040916579414492
1,Tuesday,1441,1813,0.2168877436600597,0.6803793311792367
2,Tuesday,806,1201,0.12131264496183769,0.4507090881115627
3,Tuesday,731,659,0.11002424747779571,0.24730831729019137
4,Tuesday,1445,807,0.21748979152587528,0.3028494871823739
5,Tuesday,7893,2017,1.1879909512205769,0.7569360788684613
6,Tuesday,24116,5166,3.6297465830020816,1.93868705177713
7,Tuesday,49058,9592,7.38381605029508,3.5996682540933467
8,Tuesday,61858,13391,9.310369220904908,5.025350040717682
9,Tuesday,29586,9400,4.453047039504876,3.5276148445034883
10,Tuesday,19648,8616,2.957259116886088,3.2333967553448995
11,Tuesday,22777,10691,3.428211059920319,4.012098968360297
12,Tuesday,27226,12988,4.097838798673688,4.874112936213969
13,Tuesday,26229,13556,3.947778368119157,5.087270939583967
14,Tuesday,26442,14309,3.9798374169738366,5.369855405319193
15,Tuesday,38764,17125,5.834445867618705,6.42663874597045
16,Tuesday,67472,23778,10.155343400577063,8.923364443894037
17,Tuesday,83315,30411,12.539904485106087,11.412584578318679
18,Tuesday,60984,26765,9.178821762224205,10.044320352461263
19,Tuesday,41318,20023,6.218853429941947,7.5141948969673775
20,Tuesday,28875,14808,4.346033031356158,5.557119214617836
21,Tuesday,22156,13034,3.3347431287524514,4.8913757322615385
22,Tuesday,13130,8380,1.9762221195396141,3.144831106057365
23,Tuesday,6339,4464,0.9540953553512272,1.67524177296421
0,Wednesday,3065,3179,0.48070438483954037,1.2644281634568726
1,Wednesday,1501,1692,0.23541183740429045,0.6729828413240102
2,Wednesday,818,1088,0.12829239373531617,0.43274546770716493
3,Wednesday,687,676,0.10774679033760662,0.2688749413327606
4,Wednesday,1259,852,0.19745736395203306,0.3388778846383314
5,Wednesday,7715,2130,1.2099948871246506,0.8471947115958285
6,Wednesday,23067,5026,3.6177514013356213,1.9990613241693118
7,Wednesday,48258,9745,7.568623883715022,3.8760152415499287
8,Wednesday,58873,13373,9.233445105598127,5.319030459235218
9,Wednesday,28979,8529,4.544969777574239,3.392358542347803
10,Wednesday,19536,7872,3.0639611296004112,3.1310407369400757
11,Wednesday,22335,9876,3.5029469609759007,3.928119705033053
12,Wednesday,26283,11638,4.122138122916033,4.6289446260808695
13,Wednesday,24778,11577,3.88609893884311,4.604682242321552
14,Wednesday,25001,12443,3.921073515619364,4.949128542904645
15,Wednesday,37379,15523,5.86239778170218,6.174180050752134
16,Wednesday,63416,21905,9.945954084497323,8.712582233571183
17,Wednesday,78125,29331,12.252864621725642,11.666229148271007
18,Wednesday,58267,25467,9.138402085300326,10.129346347516885
19,Wednesday,38995,19203,6.11584583582965,7.63787795623225
20,Wednesday,27329,14186,4.286189276763393,5.642396328027428
21,Wednesday,21420,12110,3.35944141052625,4.816679792218537
22,Wednesday,13732,8873,2.1536811134148675,3.52918247699051
23,Wednesday,6788,5124,1.064607296669103,2.038040235782641
0,Thursday,3468,3547,0.5308499109127311,1.2195121951219512
1,Thursday,1811,2060,0.27721141541607736,0.7082591265720947
2,Thursday,955,1228,0.14618271768213909,0.4222049550633651
3,Thursday,733,773,0.11220097598011303,0.2657690800195287
4,Thursday,1387,897,0.21230935018337893,0.30840215365784895
5,Thursday,6597,1968,1.0098087838210172,0.6766281364533409
6,Thursday,21767,4882,3.3318944667927974,1.6785053669538668
7,Thursday,45438,9950,6.955235943498467,3.420960344365214
8,Thursday,58573,13475,8.965822327535006,4.632908607067463
9,Thursday,30736,10098,4.704787445736363,3.4718449806432092
10,Thursday,21512,9620,3.2928613851080377,3.3075013580696844
11,Thursday,24977,12343,3.823252083295066,4.243709902562798
12,Thursday,29358,15073,4.4938557337300935,5.1823251528258165
13,Thursday,27722,15591,4.243431727313361,5.360421379798799
14,Thursday,28131,16594,4.306037728917544,5.705267935115212
15,Thursday,40039,19476,6.128806108141535,6.696143082096172
16,Thursday,63925,26060,9.785057830189258,8.959821766246984
17,Thursday,77103,32795,11.802226263294209,11.275416532005748
18,Thursday,57417,28325,8.788872357230764,9.738562990366301
19,Thursday,39052,20931,5.977725121385231,7.1963940671264615
20,Thursday,27197,14863,4.163069500315326,5.1101239797286615
21,Thursday,20404,12161,3.1232588184150427,4.181135552545263
22,Thursday,15411,10482,2.358975771936592,3.6038699828780074
23,Thursday,9579,7662,1.4662662331698537,2.6343113727162084
0,Friday,5264,5990,0.8781690575531046,1.6760870781800885
1,Friday,2916,3707,0.48646295057463024,1.037271251888746
2,Friday,1517,2158,0.2530741755904369,0.6038390508702222
3,Friday,1088,1166,0.18150606660672072,0.32626336112821086
4,Friday,1487,1192,0.24806941272444274,0.33353853041580395
5,Friday,6449,2311,1.0758571907598733,0.6466506239856735
6,Friday,17431,4850,2.9079340505714604,1.3570988863394706
7,Friday,31417,8453,5.241154498697927,2.3652694610778444
8,Friday,38676,10798,6.452140286839643,3.0214337679780625
9,Friday,26250,10580,4.37916750774487,2.9604342716436287
10,Friday,21568,12326,3.5980908497920523,3.448989870725838
11,Friday,26953,16897,4.4964457842379995,4.728020594325368
12,Friday,32621,21179,5.442012315053159,5.926185013151267
13,Friday,33371,22580,5.5671313867030126,6.318204712071185
14,Friday,33285,23195,5.552784399820496,6.4902904471430976
15,Friday,42673,27290,7.1189415260189275,7.636129609939
16,Friday,57215,33039,9.544916912595152,9.244781465107168
17,Friday,60996,35638,10.175683859139282,9.972018579663104
18,Friday,49991,31385,8.339770014463763,8.781968772734903
19,Friday,35732,23997,5.961006224256751,6.7147014382450045
20,Friday,24449,17139,4.078714910356355,4.795735631540657
21,Friday,18660,14232,3.1129625026483536,3.982315742347082
22,Friday,16438,14185,2.7422763997070545,3.9691644747887405
23,Friday,12982,13093,2.16572771754453,3.6636073647098324
0,Saturday,10245,12716,1.9639454504326623,2.6118766855703877
1,Saturday,6789,9029,1.30143735119447,1.854563903272651
2,Saturday,4119,5804,0.7896038370260747,1.1921462946721084
3,Saturday,2185,3051,0.4188600106584057,0.6266778678574436
4,Saturday,1302,1703,0.24959072488661063,0.3497975775028602
5,Saturday,2450,1532,0.46965996618448247,0.31467403918636633
6,Saturday,5865,2942,1.1243084496620366,0.6042891796907897
7,Saturday,10553,5357,2.02298841761014,1.10033213310794
8,Saturday,19033,10470,3.6485869944445937,2.1505464688519944
9,Saturday,26590,17395,5.097248367691995,3.572947070265563
10,Saturday,33611,26303,6.443159642214955,5.40265747566514
11,Saturday,38175,33444,7.318069064935761,6.8694246517942785
12,Saturday,39718,38566,7.613858994659295,7.9214875948181485
13,Saturday,39485,39211,7.569193373385424,8.053971116538257
14,Saturday,39661,40662,7.602932211772555,8.352007690206284
15,Saturday,39810,42084,7.631495205634387,8.644087640417128
16,Saturday,39827,40708,7.6347540707058705,8.361456127414229
17,Saturday,37085,36100,7.109118304470012,7.41496920014871
18,Saturday,34236,30756,6.562970858078343,6.317307277556059
19,Saturday,26487,24121,5.077503479317709,4.954472910714322
20,Saturday,19109,17894,3.6631560382935815,3.6754420738908866
21,Saturday,16984,16484,3.255797904358061,3.3858269333864635
22,Saturday,16014,17140,3.0698508973380823,3.5205698640041243
23,Saturday,12321,13381,2.361910385044493,2.748468223467864
0,Sunday,9805,13288,2.1910418677821872,3.443834246039254
1,Sunday,6638,8967,1.4833386964138868,2.323966111095273
2,Sunday,4297,6144,0.9602148807608424,1.5923327519314552
3,Sunday,2580,3499,0.5765311594980157,0.9068314288750262
4,Sunday,1819,2288,0.4064768136150738,0.5929780820994742
5,Sunday,2345,2112,0.5240176624119561,0.5473643834764377
6,Sunday,4989,3366,1.1148503700525583,0.8723619861655726
7,Sunday,7864,5271,1.7573027280203082,1.3660784400115071
8,Sunday,13749,8847,3.072374772069076,2.2928658620341116
9,Sunday,21532,14910,4.811577103221424,3.8642059458492835
10,Sunday,28633,21996,6.398378561979334,5.700675652910854
11,Sunday,33319,27479,7.445520040044334,7.121697866263746
12,Sunday,35492,31428,7.93110229182309,8.145155229118126
13,Sunday,35311,32249,7.890655725982337,8.357932766444904
14,Sunday,35970,33602,8.037916979513032,8.708588074609498
15,Sunday,36614,34462,8.181826307697808,8.931473192881153
16,Sunday,36484,32596,8.152776288033179,8.447864319980097
17,Sunday,33121,27463,7.401274625478208,7.117551166388925
18,Sunday,30375,23143,6.787648825485358,5.997942200187119
19,Sunday,22382,17141,5.0015195394901495,4.442411409644706
20,Sunday,16541,12594,3.6962798097894094,3.2639711389688713
21,Sunday,12875,9628,2.87706925524688,2.495276649673836
22,Sunday,9374,8080,2.094729879509457,2.094083436784856
23,Sunday,5395,5296,1.2055758160820909,1.3725576585659156
