start_station_name,station_rides,total_stations,station_percent
,3995,19811,20.16556458533138
Navy Pier,235,19811,1.1862096814900813
DuSable Lake Shore Dr & Monroe St,219,19811,1.10544646913331
Sheridan Rd & Argyle St,185,19811,0.9338246428751704
Michigan Ave & Oak St,164,19811,0.8278229266569077
DuSable Lake Shore Dr & North Blvd,162,19811,0.8177275251123113
Theater on the Lake,135,19811,0.6814396042602594
Dusable Harbor,130,19811,0.6562011003987683
DuSable Lake Shore Dr & Belmont Ave,129,19811,0.6511533996264701
Lakefront Trail & Bryn Mawr Ave,127,19811,0.6410579980818737
New St & Illinois St,126,19811,0.6360102973095755
Marine Dr & Ainslie St,125,19811,0.6309625965372773
Shore Dr & 55th St,113,19811,0.5703901872696987
Columbus Dr & Randolph St,108,19811,0.5451516834082076
State St & Chicago Ave,108,19811,0.5451516834082076
Indiana Ave & Roosevelt Rd,105,19811,0.5300085810913129
DuSable Lake Shore Dr & Wellington Ave,104,19811,0.5249608803190147
Montrose Harbor,102,19811,0.5148654787744182
Millennium Park,101,19811,0.50981777800212
McClurg Ct & Ohio St,101,19811,0.50981777800212
Cornell Ave & Hyde Park Blvd,88,19811,0.44419766796224325
Wabash Ave & Grand Ave,88,19811,0.44419766796224325
DuSable Lake Shore Dr & Diversey Pkwy,86,19811,0.4341022664176467
Clarendon Ave & Gordon Ter,80,19811,0.4038160617838574
Field Blvd & South Water St,79,19811,0.3987683610115592
Burnham Harbor,79,19811,0.3987683610115592
Wells St & Concord Ln,77,19811,0.3886729594669628
Broadway & Granville Ave,76,19811,0.3836252586946646
LaSalle St & Illinois St,76,19811,0.3836252586946646
Michigan Ave & Washington St,73,19811,0.36848215637776993
Lakefront Trail & Wilson Ave,72,19811,0.36343445560547166
University Ave & 57th St,70,19811,0.35333905406087524
Michigan Ave & Lake St,68,19811,0.3432436525162788
Clark St & Elm St,68,19811,0.3432436525162788
Michigan Ave & 8th St,67,19811,0.3381959517439806
Wilton Ave & Belmont Ave,66,19811,0.3331482509716824
Broadway & Thorndale Ave,65,19811,0.32810055019938417
Broadway & Cornelia Ave,65,19811,0.32810055019938417
Ravenswood Ave & Lawrence Ave,64,19811,0.32305284942708595
Pine Grove Ave & Waveland Ave,64,19811,0.32305284942708595
Wells St & Polk St,63,19811,0.31800514865478774
Daley Center Plaza,63,19811,0.31800514865478774
Pine Grove Ave & Irving Park Rd,62,19811,0.3129574478824895
Griffin Museum of Science and Industry,60,19811,0.3028620463378931
Clark St & Berwyn Ave,59,19811,0.2978143455655949
Federal St & Polk St,58,19811,0.29276664479329667
Orleans St & Merchandise Mart Plaza,58,19811,0.29276664479329667
Clark St & Lincoln Ave,58,19811,0.29276664479329667
Clark St & Armitage Ave,57,19811,0.28771894402099846
Delano Ct & Roosevelt Rd,57,19811,0.28771894402099846
Mies van der Rohe Way & Chestnut St,57,19811,0.28771894402099846
Fairbanks Ct & Grand Ave,56,19811,0.28267124324870024
Wells St & Elm St,56,19811,0.28267124324870024
Calumet Ave & 18th St,56,19811,0.28267124324870024
Wabash Ave & Roosevelt Rd,56,19811,0.28267124324870024
Clark St & Drummond Pl,56,19811,0.28267124324870024
Canal St & Madison St,55,19811,0.27762354247640203
Streeter Dr & Grand Ave,55,19811,0.27762354247640203
Cityfront Plaza Dr & Pioneer Ct,54,19811,0.2725758417041038
Franklin St & Jackson Blvd,53,19811,0.26752814093180555
Ellis Ave & 60th St,53,19811,0.26752814093180555
Woodlawn Ave & 55th St,52,19811,0.26248044015950733
Dearborn St & Erie St,52,19811,0.26248044015950733
Clark St & Newport St,52,19811,0.26248044015950733
Wells St & Hubbard St,52,19811,0.26248044015950733
Clark St & Lake St,51,19811,0.2574327393872091
Rush St & Superior St,51,19811,0.2574327393872091
Kimbark Ave & 53rd St,50,19811,0.2523850386149109
Michigan Ave & 14th St,50,19811,0.2523850386149109
Honore St & Division St,50,19811,0.2523850386149109
Lake Park Ave & 53rd St,50,19811,0.2523850386149109
Dearborn Pkwy & Delaware Pl,49,19811,0.2473373378426127
Broadway & Waveland Ave,49,19811,0.2473373378426127
Clark St & Leland Ave,48,19811,0.24228963707031448
Wells St & Huron St,48,19811,0.24228963707031448
Sheridan Rd & Montrose Ave,48,19811,0.24228963707031448
Clark St & Bryn Mawr Ave,47,19811,0.23724193629801626
Ritchie Ct & Banks St,47,19811,0.23724193629801626
Benson Ave & Church St,46,19811,0.23219423552571805
Clarendon Ave & Junior Ter,46,19811,0.23219423552571805
Kingsbury St & Erie St,46,19811,0.23219423552571805
Wells St & Walton St,45,19811,0.22714653475341984
Desplaines St & Kinzie St,45,19811,0.22714653475341984
Chicago Ave & Sheridan Rd,44,19811,0.22209883398112162
Lincoln Park Conservatory,43,19811,0.21705113320882335
Sheridan Rd & Noyes St (NU),43,19811,0.21705113320882335
Clark St & Wrightwood Ave,43,19811,0.21705113320882335
Adler Planetarium,43,19811,0.21705113320882335
Damen Ave & Wicker Park Ave,42,19811,0.21200343243652514
Wabash Ave & 9th St,42,19811,0.21200343243652514
Broadway & Barry Ave,42,19811,0.21200343243652514
LaSalle Dr & Huron St,42,19811,0.21200343243652514
Shedd Aquarium,42,19811,0.21200343243652514
Kedzie Ave & Milwaukee Ave,42,19811,0.21200343243652514
Aberdeen St & Jackson Blvd,41,19811,0.20695573166422693
Clark St & North Ave,41,19811,0.20695573166422693
Lakeview Ave & Fullerton Pkwy,41,19811,0.20695573166422693
Fort Dearborn Dr & 31st St*,41,19811,0.20695573166422693
Clarendon Ave & Leland Ave,40,19811,0.2019080308919287
Woodlawn Ave & 58th St,40,19811,0.2019080308919287
Mies van der Rohe Way & Chicago Ave,40,19811,0.2019080308919287
Damen Ave & Leland Ave,40,19811,0.2019080308919287
South Shore Dr & 67th St,39,19811,0.1968603301196305
Loomis St & Lexington St,39,19811,0.1968603301196305
Broadway & Wilson Ave,39,19811,0.1968603301196305
McClurg Ct & Erie St,39,19811,0.1968603301196305
Clark St & Schiller St,39,19811,0.1968603301196305
Milwaukee Ave & The 606,38,19811,0.1918126293473323
State St & Van Buren St,38,19811,0.1918126293473323
Clinton St & Madison St,38,19811,0.1918126293473323
Broadway & Ridge Ave,37,19811,0.18676492857503407
South Shore Dr & 71st St,37,19811,0.18676492857503407
Buckingham Fountain,37,19811,0.18676492857503407
Clinton St & Jackson Blvd,36,19811,0.18171722780273583
State St & Randolph St,36,19811,0.18171722780273583
Ellis Ave & 55th St,36,19811,0.18171722780273583
Clark St & Ida B Wells Dr,36,19811,0.18171722780273583
Michigan Ave & 18th St,36,19811,0.18171722780273583
Sheridan Rd & Buena Ave,36,19811,0.18171722780273583
Kingsbury St & Kinzie St,36,19811,0.18171722780273583
Rush St & Cedar St,35,19811,0.17666952703043762
Southport Ave & Waveland Ave,35,19811,0.17666952703043762
Lake Park Ave & 56th St,35,19811,0.17666952703043762
Stockton Dr & Wrightwood Ave,35,19811,0.17666952703043762
Lincoln Ave & Sunnyside Ave,34,19811,0.1716218262581394
Larrabee St & Webster Ave,34,19811,0.1716218262581394
Broadway & Sheridan Rd,34,19811,0.1716218262581394
Michigan Ave & Jackson Blvd,34,19811,0.1716218262581394
Blackstone Ave & 59th St,33,19811,0.1665741254858412
Sheffield Ave & Waveland Ave,33,19811,0.1665741254858412
Wood St & Beach Ave,33,19811,0.1665741254858412
St. Louis Ave & Balmoral Ave,32,19811,0.16152642471354298
Broadway & Berwyn Ave,32,19811,0.16152642471354298
Halsted St & Roscoe St,32,19811,0.16152642471354298
Halsted St & Clybourn Ave,32,19811,0.16152642471354298
Jeffery Blvd & 67th St,32,19811,0.16152642471354298
Clinton St & Washington Blvd,32,19811,0.16152642471354298
Southport Ave & Belmont Ave,31,19811,0.15647872394124476
Wabash Ave & Washington St,31,19811,0.15647872394124476
Morgan St & Polk St,31,19811,0.15647872394124476
Peoria St & Jackson Blvd,31,19811,0.15647872394124476
Financial Pl & Ida B Wells Dr,31,19811,0.15647872394124476
Franklin St & Chicago Ave,31,19811,0.15647872394124476
Aberdeen St & Randolph St,31,19811,0.15647872394124476
Stetson Ave & South Water St,31,19811,0.15647872394124476
Paulina St & Division St,30,19811,0.15143102316894655
University Ave & 59th St,30,19811,0.15143102316894655
Western Ave & 43rd St,30,19811,0.15143102316894655
Sheridan Rd & Columbia Ave,30,19811,0.15143102316894655
Blackstone Ave & Hyde Park Blvd,30,19811,0.15143102316894655
Clark St & Winnemac Ave,30,19811,0.15143102316894655
Green St & Madison St,29,19811,0.14638332239664834
Sheridan Rd & Loyola Ave,29,19811,0.14638332239664834
Lincoln Ave & Fullerton Ave,29,19811,0.14638332239664834
Milwaukee Ave & Grand Ave,29,19811,0.14638332239664834
Desplaines St & Jackson Blvd,29,19811,0.14638332239664834
Canal St & Monroe St,29,19811,0.14638332239664834
State St & Pearson St,28,19811,0.14133562162435012
Wells St & Evergreen Ave,28,19811,0.14133562162435012
Fairbanks St & Superior St,28,19811,0.14133562162435012
Ellis Ave & 53rd St,28,19811,0.14133562162435012
Drexel Ave & 60th St,28,19811,0.14133562162435012
Ogden Ave & Chicago Ave,28,19811,0.14133562162435012
Fort Dearborn Dr & 31st St,28,19811,0.14133562162435012
Sheridan Rd & Greenleaf Ave,28,19811,0.14133562162435012
Southport Ave & Roscoe St,28,19811,0.14133562162435012
Throop St & Taylor St,27,19811,0.1362879208520519
California Ave & Milwaukee Ave,27,19811,0.1362879208520519
McCormick Place,27,19811,0.1362879208520519
Sheffield Ave & Wellington Ave,27,19811,0.1362879208520519
Franklin St & Monroe St,27,19811,0.1362879208520519
Sheridan Rd & Lawrence Ave,27,19811,0.1362879208520519
Franklin St & Illinois St,26,19811,0.13124022007975367
Wentworth Ave & Cermak Rd*,26,19811,0.13124022007975367
Sedgwick St & Webster Ave,26,19811,0.13124022007975367
Broadway & Argyle St,26,19811,0.13124022007975367
Public Rack - Justine St & 87th St,26,19811,0.13124022007975367
Damen Ave & Chicago Ave,26,19811,0.13124022007975367
Hampden Ct & Diversey Pkwy,26,19811,0.13124022007975367
Halsted St & 18th St,25,19811,0.12619251930745545
Wolcott (Ravenswood) Ave & Montrose Ave,25,19811,0.12619251930745545
Michigan Ave & Pearson St,25,19811,0.12619251930745545
Michigan Ave & Madison St,25,19811,0.12619251930745545
Broadway & Belmont Ave,25,19811,0.12619251930745545
May St & Taylor St,25,19811,0.12619251930745545
Sheridan Rd & Irving Park Rd,25,19811,0.12619251930745545
Lincoln Ave & Roscoe St*,25,19811,0.12619251930745545
Lincoln Ave & Roscoe St,24,19811,0.12114481853515724
Clinton St & 18th St,24,19811,0.12114481853515724
Desplaines St & Randolph St,24,19811,0.12114481853515724
Clark St & Grace St,24,19811,0.12114481853515724
Clinton St & Lake St,24,19811,0.12114481853515724
Wabash Ave & 16th St,24,19811,0.12114481853515724
Paulina St & Howard St,24,19811,0.12114481853515724
State St & Harrison St,24,19811,0.12114481853515724
Wilton Ave & Diversey Pkwy,24,19811,0.12114481853515724
Dayton St & North Ave,23,19811,0.11609711776285903
Clinton St & Roosevelt Rd,23,19811,0.11609711776285903
Wood St & Milwaukee Ave,23,19811,0.11609711776285903
Dearborn St & Van Buren St,23,19811,0.11609711776285903
University Library (NU),23,19811,0.11609711776285903
Morgan Ave & 14th Pl,23,19811,0.11609711776285903
Lake Park Ave & 47th St,23,19811,0.11609711776285903
Lincoln Ave & Melrose St,23,19811,0.11609711776285903
63rd St Beach,23,19811,0.11609711776285903
Orleans St & Hubbard St,22,19811,0.11104941699056081
Clifton Ave & Armitage Ave,22,19811,0.11104941699056081
Mason Ave & Montrose Ave,22,19811,0.11104941699056081
Wabash Ave & Adams St,22,19811,0.11104941699056081
MLK Jr Dr & 29th St,22,19811,0.11104941699056081
LaSalle St & Jackson Blvd,22,19811,0.11104941699056081
Sedgwick St & Huron St,22,19811,0.11104941699056081
Kosciuszko Park,22,19811,0.11104941699056081
Greenview Ave & Fullerton Ave,22,19811,0.11104941699056081
California Ave & Cortez St,22,19811,0.11104941699056081
Broadway & Oakdale Ave,22,19811,0.11104941699056081
Lincoln Ave & Belle Plaine Ave,22,19811,0.11104941699056081
Damen Ave & Division St,22,19811,0.11104941699056081
Wells St & Randolph St,22,19811,0.11104941699056081
Clark St & Wellington Ave,22,19811,0.11104941699056081
Halsted St & Fulton St,22,19811,0.11104941699056081
Clark St & Lunt Ave,22,19811,0.11104941699056081
Western Ave & Lunt Ave,21,19811,0.10600171621826257
Peterson/Ridge Metra,21,19811,0.10600171621826257
Sheffield Ave & Wrightwood Ave,21,19811,0.10600171621826257
Ashland Ave & Division St,21,19811,0.10600171621826257
Halsted St & 51st St,21,19811,0.10600171621826257
Orleans St & Elm St,20,19811,0.10095401544596436
Paulina St & 18th St,20,19811,0.10095401544596436
Sheffield Ave & Webster Ave,20,19811,0.10095401544596436
Blackstone Ave & 53rd St,20,19811,0.10095401544596436
Clark St & Montrose Ave,20,19811,0.10095401544596436
Clark St & 9th St (AMLI),20,19811,0.10095401544596436
Wilton Ave & Addison St,20,19811,0.10095401544596436
Racine Ave & 18th St,20,19811,0.10095401544596436
State St & Kinzie St,20,19811,0.10095401544596436
Cottage Grove Ave & Oakwood Blvd,19,19811,0.09590631467366614
St Clair St & Ohio St,19,19811,0.09590631467366614
Ogden Ave & Congress Pkwy,19,19811,0.09590631467366614
Wood St & Taylor St (Temp),19,19811,0.09590631467366614
Field Museum,19,19811,0.09590631467366614
Damen Ave & Pierce Ave,19,19811,0.09590631467366614
St. Clair St & Erie St 2,19,19811,0.09590631467366614
Cannon Dr & Fullerton Ave,19,19811,0.09590631467366614
Rockwell St & Archer Ave,19,19811,0.09590631467366614
Jefferson St & Monroe St,19,19811,0.09590631467366614
Canal St & Adams St,19,19811,0.09590631467366614
Burling St & Diversey Pkwy,19,19811,0.09590631467366614
Dearborn St & Division St,19,19811,0.09590631467366614
Ellis Ave & 58th St,19,19811,0.09590631467366614
McCormick Blvd & Devon Ave,18,19811,0.09085861390136792
Rockwell St & Eastwood Ave,18,19811,0.09085861390136792
State St & 19th St,18,19811,0.09085861390136792
Clark St & Schreiber Ave,18,19811,0.09085861390136792
Leavitt St & Chicago Ave,18,19811,0.09085861390136792
Green St & Washington Blvd,18,19811,0.09085861390136792
Wells St & Institute Pl,18,19811,0.09085861390136792
Clybourn Ave & Division St,18,19811,0.09085861390136792
Broadway & Sunnyside Ave,18,19811,0.09085861390136792
Walsh Park,18,19811,0.09085861390136792
Paulina St & Flournoy St,18,19811,0.09085861390136792
Southport Ave & Wellington Ave,18,19811,0.09085861390136792
Eastlake Ter & Howard St,18,19811,0.09085861390136792
Sheffield Ave & Kingsbury St,18,19811,0.09085861390136792
Halsted St & Polk St,18,19811,0.09085861390136792
Damen Ave & Cullerton St,18,19811,0.09085861390136792
Western Ave & Granville Ave,18,19811,0.09085861390136792
Lake Park Ave & 35th St,18,19811,0.09085861390136792
Central St Metra,18,19811,0.09085861390136792
Harper Ave & 55th St,18,19811,0.09085861390136792
Rush St & Illinois St,17,19811,0.0858109131290697
Morgan St & 18th St,17,19811,0.0858109131290697
Clark St & Elmdale Ave,17,19811,0.0858109131290697
Rush St & Hubbard St,17,19811,0.0858109131290697
Sheffield Ave & Addison St ,17,19811,0.0858109131290697
Indiana Ave & 31st St,17,19811,0.0858109131290697
Milwaukee Ave & Highland Ave,17,19811,0.0858109131290697
Canal St & Jackson Blvd,17,19811,0.0858109131290697
Greenview Ave & Jarvis Ave,17,19811,0.0858109131290697
Chicago Ave & Washington St,17,19811,0.0858109131290697
Christiana Ave & Lawrence Ave,17,19811,0.0858109131290697
Ashland Ave & Blackhawk St,17,19811,0.0858109131290697
Noble St & Milwaukee Ave,17,19811,0.0858109131290697
900 W Harrison St,17,19811,0.0858109131290697
Indiana Ave & 26th St,17,19811,0.0858109131290697
Green St & Randolph St*,17,19811,0.0858109131290697
Clark St & Chicago Ave,17,19811,0.0858109131290697
Glenwood Ave & Morse Ave,17,19811,0.0858109131290697
Wabash Ave & Wacker Pl,17,19811,0.0858109131290697
Western Ave & Leland Ave,17,19811,0.0858109131290697
Milwaukee Ave & Armitage Ave,16,19811,0.08076321235677149
Ashland Ave & Augusta Blvd,16,19811,0.08076321235677149
Francisco Ave & Foster Ave,16,19811,0.08076321235677149
Damen Ave & Cortland St,16,19811,0.08076321235677149
St. Clair St & Erie St 1,16,19811,0.08076321235677149
Ashland Ave & Chicago Ave,16,19811,0.08076321235677149
Avondale Ave & Irving Park Rd,16,19811,0.08076321235677149
Kimball Ave & Belmont Ave,16,19811,0.08076321235677149
Loomis St & Jackson Blvd,16,19811,0.08076321235677149
Hastings LWS,16,19811,0.08076321235677149
Racine Ave & Belmont Ave,16,19811,0.08076321235677149
Morgan St & Lake St*,16,19811,0.08076321235677149
Dearborn St & Adams St,16,19811,0.08076321235677149
Milwaukee Ave & Fullerton Ave,16,19811,0.08076321235677149
Dearborn St & Maple St,16,19811,0.08076321235677149
Sheffield Ave & Fullerton Ave,16,19811,0.08076321235677149
Malcolm X College,15,19811,0.07571551158447327
Greenwood Ave & 47th St,15,19811,0.07571551158447327
Winthrop Ave & Lawrence Ave,15,19811,0.07571551158447327
Wabash Ave & Jackson Blvd,15,19811,0.07571551158447327
Sedgwick St & North Ave,15,19811,0.07571551158447327
Aberdeen St & Monroe St,15,19811,0.07571551158447327
Washtenaw Ave & Lawrence Ave,15,19811,0.07571551158447327
Milwaukee Ave & Rockwell St,15,19811,0.07571551158447327
North Boundary Park,15,19811,0.07571551158447327
Orleans St & Chestnut St (NEXT Apts),15,19811,0.07571551158447327
Southport Ave & Wrightwood Ave,15,19811,0.07571551158447327
Glenwood Ave & Touhy Ave,15,19811,0.07571551158447327
Larrabee St & Oak St,15,19811,0.07571551158447327
Ashland Ave & Grace St,15,19811,0.07571551158447327
Wells St & Washington St,15,19811,0.07571551158447327
St. Clair St & Erie St,15,19811,0.07571551158447327
Humboldt Blvd & Armitage Ave,15,19811,0.07571551158447327
Shore Dr & 53rd St,15,19811,0.07571551158447327
Harper Ave & 59th St,15,19811,0.07571551158447327
Fairfield Ave & Pratt Blvd,15,19811,0.07571551158447327
Michigan Ave & Ida B Wells Dr,15,19811,0.07571551158447327
Avers Ave & Belmont Ave,15,19811,0.07571551158447327
Damen Ave & Thomas St (Augusta Blvd),15,19811,0.07571551158447327
Troy St & Elston Ave,15,19811,0.07571551158447327
Wabash Ave & Cermak Rd,15,19811,0.07571551158447327
Halsted St & Maxwell St,15,19811,0.07571551158447327
Central Park Ave & Elbridge Ave,15,19811,0.07571551158447327
Sedgwick St & Schiller St,15,19811,0.07571551158447327
California Ave & Montrose Ave,14,19811,0.07066781081217506
Racine Ave & Fullerton Ave,14,19811,0.07066781081217506
Campbell Ave & North Ave,14,19811,0.07066781081217506
Elizabeth St & Randolph St,14,19811,0.07066781081217506
Larrabee St & Armitage Ave,14,19811,0.07066781081217506
Winchester Ave & Elston Ave,14,19811,0.07066781081217506
Halsted St & Wrightwood Ave,14,19811,0.07066781081217506
Ashland Ave & Wellington Ave,14,19811,0.07066781081217506
Blue Island Ave & 18th St,14,19811,0.07066781081217506
Sangamon St & Washington Blvd,14,19811,0.07066781081217506
California Ave & Francis Pl,14,19811,0.07066781081217506
Eckhart Park,14,19811,0.07066781081217506
Central Park Blvd & 5th Ave,13,19811,0.06562011003987683
Halsted St & Dickens Ave,13,19811,0.06562011003987683
Racine Ave & Congress Pkwy,13,19811,0.06562011003987683
Woodlawn Ave & Lake Park Ave,13,19811,0.06562011003987683
Sheffield Ave & Willow St,13,19811,0.06562011003987683
Wells St & Madison St,13,19811,0.06562011003987683
Troy St & North Ave,13,19811,0.06562011003987683
Damen Ave & Sunnyside Ave,13,19811,0.06562011003987683
Kenneth Ave & Lawrence Ave,13,19811,0.06562011003987683
Western Ave & Winnebago Ave,13,19811,0.06562011003987683
Western Blvd & 48th Pl,13,19811,0.06562011003987683
Kingsbury St & Kinzie St 1,13,19811,0.06562011003987683
Keeler Ave & Carmen Ave,12,19811,0.06057240926757862
Leavitt St & North Ave,12,19811,0.06057240926757862
Sangamon St & Lake St,12,19811,0.06057240926757862
Calumet Ave & 35th St,12,19811,0.06057240926757862
Public Rack - South Shore Dr & 71st St,12,19811,0.06057240926757862
Talman Ave & Addison St,12,19811,0.06057240926757862
Wacker Dr & Washington St,12,19811,0.06057240926757862
Racine Ave & 35th St,12,19811,0.06057240926757862
Morgan St & 31st St,12,19811,0.06057240926757862
Dearborn St & Monroe St,12,19811,0.06057240926757862
Michigan Ave & 11th St,12,19811,0.06057240926757862
State St & 35th St,12,19811,0.06057240926757862
Franklin St & Lake St,12,19811,0.06057240926757862
Franklin St & Washington St,12,19811,0.06057240926757862
Dorchester Ave & 53rd St,12,19811,0.06057240926757862
Cicero Ave & Wrightwood Ave,12,19811,0.06057240926757862
Bissell St & Armitage Ave*,12,19811,0.06057240926757862
California Ave & Division St,12,19811,0.06057240926757862
Stony Island Ave & 63rd St,11,19811,0.055524708495280406
Damen Ave & Charleston St,11,19811,0.055524708495280406
California Ave & North Ave,11,19811,0.055524708495280406
Manor Ave & Leland Ave,11,19811,0.055524708495280406
Burnham Greenway & 105th St,11,19811,0.055524708495280406
Racine Ave & Washington Blvd,11,19811,0.055524708495280406
Lincoln Ave & Dickens Ave,11,19811,0.055524708495280406
Broadway & Roscoe Ave,11,19811,0.055524708495280406
Wacker Dr & Randolph St,11,19811,0.055524708495280406
Leavitt St & Belmont Ave,11,19811,0.055524708495280406
Larrabee St & Kingsbury St,11,19811,0.055524708495280406
Clinton St & Washington Blvd 2,11,19811,0.055524708495280406
Emerald Ave & 31st St,11,19811,0.055524708495280406
Lincoln Ave & Addison St,11,19811,0.055524708495280406
Larrabee St & Kingsbury St 1,11,19811,0.055524708495280406
Stave St & Armitage Ave,11,19811,0.055524708495280406
State St & 33rd St,11,19811,0.055524708495280406
Ravenswood Ave & Berteau Ave,11,19811,0.055524708495280406
Ashland Ave & Wrightwood Ave,11,19811,0.055524708495280406
Dearborn St & Madison St,11,19811,0.055524708495280406
Calumet Ave & 21st St,11,19811,0.055524708495280406
Fulton Market,11,19811,0.055524708495280406
Paulina Ave & North Ave,11,19811,0.055524708495280406
Southport Ave & Clark St,11,19811,0.055524708495280406
Clinton St & Tilden St,11,19811,0.055524708495280406
MLK Jr Dr & Pershing Rd,11,19811,0.055524708495280406
Wentworth Ave & 33rd St,11,19811,0.055524708495280406
Western Ave & Division St,11,19811,0.055524708495280406
Stewart Ave & 83rd St,11,19811,0.055524708495280406
Evanston Civic Center,10,19811,0.05047700772298218
Halsted St & 21st St,10,19811,0.05047700772298218
Bernard St & Elston Ave,10,19811,0.05047700772298218
LaSalle St & Adams St,10,19811,0.05047700772298218
Halsted St & 35th St,10,19811,0.05047700772298218
Inner Lake Shore Dr & Aldine Ave,10,19811,0.05047700772298218
Central Park Ave & Bloomingdale Ave,10,19811,0.05047700772298218
Southport Ave & Clybourn Ave,10,19811,0.05047700772298218
Wolcott Ave & Polk St,10,19811,0.05047700772298218
Leavitt St & Division St,10,19811,0.05047700772298218
Clark St & Washington St,10,19811,0.05047700772298218
Bernard St & Peterson Ave,10,19811,0.05047700772298218
Aberdeen St & Carroll Ave,10,19811,0.05047700772298218
Knox Ave & Montrose Ave,10,19811,0.05047700772298218
Canal St & Taylor St,10,19811,0.05047700772298218
Racine Ave & Broadway,10,19811,0.05047700772298218
Sheffield Ave & Addison St,10,19811,0.05047700772298218
Albany Ave & Bloomingdale Ave,10,19811,0.05047700772298218
Bosworth Ave & Howard St,10,19811,0.05047700772298218
Kingsbury St & Kinzie St 2,10,19811,0.05047700772298218
Sawyer Ave & Irving Park Rd,10,19811,0.05047700772298218
Clark St & Columbia Ave,10,19811,0.05047700772298218
Larrabee St & Menomonee St,10,19811,0.05047700772298218
Clark St & Fletcher St,10,19811,0.05047700772298218
Elston Ave & Cortland St,10,19811,0.05047700772298218
Kedzie Ave & Chicago Ave,9,19811,0.04542930695068396
Lincoln Ave & Diversey Pkwy,9,19811,0.04542930695068396
Spaulding Ave & Armitage Ave,9,19811,0.04542930695068396
Leavitt St & Armitage Ave,9,19811,0.04542930695068396
Broadway & Cuyler Ave,9,19811,0.04542930695068396
Campbell Ave & Montrose Ave,9,19811,0.04542930695068396
Clark St & Arlington Pl,9,19811,0.04542930695068396
Ogden Ave & Race Ave,9,19811,0.04542930695068396
Lincoln Ave & Byron St,9,19811,0.04542930695068396
Granville Ave & Clark St,9,19811,0.04542930695068396
Damen Ave & Wellington Ave,9,19811,0.04542930695068396
Carpenter St & Huron St,9,19811,0.04542930695068396
Lincoln Ave & Winona St,9,19811,0.04542930695068396
Warren Park West,9,19811,0.04542930695068396
Central St & Girard Ave,9,19811,0.04542930695068396
Jeffery Blvd & 71st St,9,19811,0.04542930695068396
Damen Ave & Foster Ave,9,19811,0.04542930695068396
Damen Ave & Clybourn Ave,9,19811,0.04542930695068396
Ridge Blvd & Touhy Ave,9,19811,0.04542930695068396
Clark St & Touhy Ave,9,19811,0.04542930695068396
Franklin St & Adams St ,9,19811,0.04542930695068396
Western Ave & Roscoe St,9,19811,0.04542930695068396
Malden St & Wilson Ave,9,19811,0.04542930695068396
Kedzie Ave & Foster Ave,9,19811,0.04542930695068396
Clark St & Eddy St ,9,19811,0.04542930695068396
Wood St & 35th St,9,19811,0.04542930695068396
LaSalle St & Washington St,9,19811,0.04542930695068396
Damen Ave & Lake St,9,19811,0.04542930695068396
Kenwood Ave & 57th St,9,19811,0.04542930695068396
Wood St & Hubbard St,9,19811,0.04542930695068396
Archer Ave & Wentworth Ave,9,19811,0.04542930695068396
Winchester (Ravenswood) Ave & Balmoral Ave,9,19811,0.04542930695068396
Halsted St & Willow St,8,19811,0.040381606178385744
Racine Ave & 15th St,8,19811,0.040381606178385744
Streeter Dr/Grand Ave,8,19811,0.040381606178385744
Greenview Ave & Diversey Pkwy,8,19811,0.040381606178385744
Larrabee St & Division St,8,19811,0.040381606178385744
Western Ave & Monroe St,8,19811,0.040381606178385744
South Shore Dr & 74th St,8,19811,0.040381606178385744
Halsted St & Roosevelt Rd,8,19811,0.040381606178385744
Edgebrook Metra,8,19811,0.040381606178385744
Halsted St & Belden St,8,19811,0.040381606178385744
Fairfield Ave & Roosevelt Rd,8,19811,0.040381606178385744
Green St & Chicago Ave,8,19811,0.040381606178385744
Wells St & 19th St,8,19811,0.040381606178385744
Monticello Ave & Irving Park Rd,8,19811,0.040381606178385744
California Ave & Granville Ave,8,19811,0.040381606178385744
Damen Ave & St Paul Ave,8,19811,0.040381606178385744
Halsted St & 96th St,8,19811,0.040381606178385744
Ada St & Washington Blvd,8,19811,0.040381606178385744
Kostner Ave & Wrightwood Ave,8,19811,0.040381606178385744
Big Marsh Park,8,19811,0.040381606178385744
Western Ave & Grace St,8,19811,0.040381606178385744
Hermitage Ave & Polk St,8,19811,0.040381606178385744
Damen Ave & Madison St,8,19811,0.040381606178385744
Emerald Ave & 28th St,8,19811,0.040381606178385744
Valli Produce - Evanston Plaza,8,19811,0.040381606178385744
W 103rd St & S Avers Ave,8,19811,0.040381606178385744
Dodge Ave & Church St,8,19811,0.040381606178385744
Western Ave & Fillmore St,8,19811,0.040381606178385744
Dodge Ave & Main St,8,19811,0.040381606178385744
Larrabee St & North Ave,8,19811,0.040381606178385744
May St & Cullerton St,8,19811,0.040381606178385744
Wells St & Ohio St,8,19811,0.040381606178385744
Burnham Greenway & 112th St,8,19811,0.040381606178385744
Sangamon St & Adams St,8,19811,0.040381606178385744
Cottage Grove Ave & 51st St,8,19811,0.040381606178385744
Spaulding Ave & Division St,7,19811,0.03533390540608753
Western Ave & Howard St,7,19811,0.03533390540608753
Museum Campus Metra Station,7,19811,0.03533390540608753
Austin Blvd & Lake St,7,19811,0.03533390540608753
Vernon Ave & 75th St,7,19811,0.03533390540608753
Laflin St & Cullerton St,7,19811,0.03533390540608753
Leavitt St & Lawrence Ave,7,19811,0.03533390540608753
Green St & Lake St ,7,19811,0.03533390540608753
Damen Ave & Pershing Rd,7,19811,0.03533390540608753
Wentworth Ave & 35th St,7,19811,0.03533390540608753
Logan Blvd & Elston Ave,7,19811,0.03533390540608753
Monticello Ave & Lawrence Ave,7,19811,0.03533390540608753
Elmwood Ave & Austin St,7,19811,0.03533390540608753
Elizabeth St & Fulton St,7,19811,0.03533390540608753
Wood St & Chicago Ave,7,19811,0.03533390540608753
Shields Ave & 31st St,7,19811,0.03533390540608753
Rockwell St & Fletcher St,7,19811,0.03533390540608753
Wolcott Ave & Fargo Ave,7,19811,0.03533390540608753
Budlong Woods Library,7,19811,0.03533390540608753
Prairie Ave & Garfield Blvd,7,19811,0.03533390540608753
Damen Ave & Melrose Ave,7,19811,0.03533390540608753
Dorchester Ave & 49th St,7,19811,0.03533390540608753
Overhill Ave & Belmont Ave,7,19811,0.03533390540608753
Kedzie Ave & Bryn Mawr Ave,7,19811,0.03533390540608753
Racine Ave & Wrightwood Ave,7,19811,0.03533390540608753
Clark St & Jarvis Ave,7,19811,0.03533390540608753
Rhodes Ave & 32nd St,7,19811,0.03533390540608753
Kostner Ave & Devon Ave,7,19811,0.03533390540608753
Seeley Ave & Roscoe St,7,19811,0.03533390540608753
Campbell Ave & Fullerton Ave,7,19811,0.03533390540608753
Lavergne Ave & Fullerton Ave,7,19811,0.03533390540608753
California Ave & Fletcher St,7,19811,0.03533390540608753
Lincoln Ave & Waveland Ave,7,19811,0.03533390540608753
Dearborn St & Adams St 2,7,19811,0.03533390540608753
Avers Ave & Foster Ave,7,19811,0.03533390540608753
Lamon Ave & Chicago Ave,7,19811,0.03533390540608753
Calumet Park,7,19811,0.03533390540608753
Sheridan Rd & Berwyn Ave,7,19811,0.03533390540608753
St. Louis Ave & Fullerton Ave,7,19811,0.03533390540608753
Francisco Ave & Chicago Ave,7,19811,0.03533390540608753
N Carpenter St & W Lake St,7,19811,0.03533390540608753
Keystone Ave & Montrose Ave,6,19811,0.03028620463378931
Normal Ave & Archer Ave,6,19811,0.03028620463378931
Sedgwick St & Chicago Ave,6,19811,0.03028620463378931
Francisco Ave & Bloomingdale Ave,6,19811,0.03028620463378931
Kildare Ave & Montrose Ave,6,19811,0.03028620463378931
Seminary Ave & Belden Ave,6,19811,0.03028620463378931
Wood St & Augusta Blvd,6,19811,0.03028620463378931
Oakley Ave & Irving Park Rd,6,19811,0.03028620463378931
Washtenaw Ave & Peterson Ave,6,19811,0.03028620463378931
Lynch Ave & Elston Ave,6,19811,0.03028620463378931
Kedzie Ave & 21st St,6,19811,0.03028620463378931
St Louis Ave & Foster Ave,6,19811,0.03028620463378931
Ashland Ave & Lake St,6,19811,0.03028620463378931
Carpenter St & Fulton St,6,19811,0.03028620463378931
Bissell St & Armitage Ave,6,19811,0.03028620463378931
California Ave & Byron St,6,19811,0.03028620463378931
Union Ave & Root St,6,19811,0.03028620463378931
Central Park Ave & Ardmore Ave,6,19811,0.03028620463378931
Dorchester Ave & 63rd St,6,19811,0.03028620463378931
Racine Ave & Randolph St,6,19811,0.03028620463378931
Kenosha Ave & Wellington Ave,6,19811,0.03028620463378931
Eberhart Ave & 61st St,6,19811,0.03028620463378931
Leavitt St & Archer Ave,6,19811,0.03028620463378931
University Ave & 65th St,6,19811,0.03028620463378931
California Ave & Altgeld St,6,19811,0.03028620463378931
Canal St & Harrison St,6,19811,0.03028620463378931
Kostner Ave & Bryn Mawr Ave,6,19811,0.03028620463378931
Paulina St & Adams St,6,19811,0.03028620463378931
Lincoln Ave & Peterson Ave,6,19811,0.03028620463378931
Kedzie Ave & Palmer Ct,6,19811,0.03028620463378931
Kimball Ave & Wrightwood Ave,6,19811,0.03028620463378931
Karlov Ave & Lawrence Ave,6,19811,0.03028620463378931
Maplewood Ave & Peterson Ave,6,19811,0.03028620463378931
Wentworth Ave & 24th St,6,19811,0.03028620463378931
Morgan St & Lake St,6,19811,0.03028620463378931
Lincoln Ave & Balmoral Ave,6,19811,0.03028620463378931
Sacramento Ave & Linden Pl,6,19811,0.03028620463378931
Western Ave & Walton St,5,19811,0.02523850386149109
LaSalle St & Calhoun Pl ,5,19811,0.02523850386149109
Public Rack - Hyde Park Blvd & 55th St,5,19811,0.02523850386149109
Halsted St & Lake St,5,19811,0.02523850386149109
Spaulding Ave & Milwaukee Ave,5,19811,0.02523850386149109
Hoyne Ave & 34th St,5,19811,0.02523850386149109
Hoyne Ave & 47th St,5,19811,0.02523850386149109
Richmond St & Diversey Ave,5,19811,0.02523850386149109
Homan Ave & Fillmore St,5,19811,0.02523850386149109
Wood St & Cortland St,5,19811,0.02523850386149109
Central & Elston,5,19811,0.02523850386149109
Drake Ave & Montrose Ave,5,19811,0.02523850386149109
Milwaukee Ave & Wabansia Ave,5,19811,0.02523850386149109
Milwaukee Ave & Wolfram St,5,19811,0.02523850386149109
Pine Grove Ave & Wellington Ave,5,19811,0.02523850386149109
Noble St & Ohio St,5,19811,0.02523850386149109
Damen Ave/Coulter St,5,19811,0.02523850386149109
N Paulina St & Lincoln Ave,5,19811,0.02523850386149109
Public Rack - Hollywood Park,5,19811,0.02523850386149109
Lakewood Ave & Addison St,5,19811,0.02523850386149109
Wallace St & 35th St,5,19811,0.02523850386149109
DuSable Museum,5,19811,0.02523850386149109
Dearborn St & Adams St 1,5,19811,0.02523850386149109
Leavitt St & Addison St,5,19811,0.02523850386149109
Southport Ave & Irving Park Rd,5,19811,0.02523850386149109
Milwaukee Ave & Cuyler Ave,5,19811,0.02523850386149109
Richmond St & 59th St,5,19811,0.02523850386149109
N Southport Ave & W Newport Ave,5,19811,0.02523850386149109
Kedzie Ave & Leland Ave,5,19811,0.02523850386149109
Ridge Blvd & Howard St,5,19811,0.02523850386149109
Campbell Ave & Augusta Blvd,5,19811,0.02523850386149109
Michigan Ave & 9th St,5,19811,0.02523850386149109
Halsted St & Archer Ave,5,19811,0.02523850386149109
Halsted St & Melrose St,5,19811,0.02523850386149109
Hudson Ave & Armitage Ave,5,19811,0.02523850386149109
Pulaski Rd & 84th St,5,19811,0.02523850386149109
Lincoln Ave & Montana St,5,19811,0.02523850386149109
Western Ave & Wabansia Ave,5,19811,0.02523850386149109
N Shore Channel Trail & Argyle St,5,19811,0.02523850386149109
May St & Hubbard St,5,19811,0.02523850386149109
Damen Ave & Wabansia Ave,5,19811,0.02523850386149109
Kedzie Ave & Jackson Blvd,5,19811,0.02523850386149109
Kilpatrick Ave & Parker Ave,5,19811,0.02523850386149109
MLK Jr Dr & 47th St,5,19811,0.02523850386149109
Narragansett Ave & Wrightwood Ave,5,19811,0.02523850386149109
Scottsdale Park,5,19811,0.02523850386149109
Loomis St & Archer Ave,5,19811,0.02523850386149109
Archer (Damen) Ave & 37th St,5,19811,0.02523850386149109
Larrabee St & Kingsbury St 2,5,19811,0.02523850386149109
Kilbourn Ave & Belden Ave,4,19811,0.020190803089192872
Baltimore Ave & 87th St,4,19811,0.020190803089192872
Lincolnwood Dr & Central St,4,19811,0.020190803089192872
Narragansett Ave & Montrose Ave,4,19811,0.020190803089192872
Avers Ave & 16th St,4,19811,0.020190803089192872
Kedzie Ave & Harrison St,4,19811,0.020190803089192872
Kostner Ave & Belmont Ave,4,19811,0.020190803089192872
Ashland Ave & 13th St,4,19811,0.020190803089192872
Public Rack - Monticello Ave & Belmont Ave,4,19811,0.020190803089192872
Cottage Grove Ave & 67th St,4,19811,0.020190803089192872
Hoyne Ave & Balmoral Ave,4,19811,0.020190803089192872
California Ave & Lake St,4,19811,0.020190803089192872
Orange Ave & Addison St,4,19811,0.020190803089192872
Ashland Ave & Belle Plaine Ave,4,19811,0.020190803089192872
Elston Ave & Carmen Ave,4,19811,0.020190803089192872
Cumberland Ave & Catherine Ave,4,19811,0.020190803089192872
Warren Park East,4,19811,0.020190803089192872
Exchange Ave & 79th St,4,19811,0.020190803089192872
MLK Jr Dr & 56th St,4,19811,0.020190803089192872
State St & 29th St,4,19811,0.020190803089192872
Franklin St & Adams St Corral,4,19811,0.020190803089192872
Racine Ave & 13th St,4,19811,0.020190803089192872
California Ave & Winona St,4,19811,0.020190803089192872
Rockwell St & Division St,4,19811,0.020190803089192872
Drake Ave & Armitage Ave,4,19811,0.020190803089192872
Ashland Ave & Pershing Rd,4,19811,0.020190803089192872
Steelworkers Park,4,19811,0.020190803089192872
California Ave & 41st St,4,19811,0.020190803089192872
Wilton Ave & Diversey Pkwy*,4,19811,0.020190803089192872
Kedzie Ave & 57th St,4,19811,0.020190803089192872
Western Ave & Congress Pkwy,4,19811,0.020190803089192872
Winthrop Ave & Sheridan Rd,4,19811,0.020190803089192872
Paulina St & Montrose Ave,4,19811,0.020190803089192872
Cicero Ave & Roscoe Ave,4,19811,0.020190803089192872
Western Ave & 24th St,4,19811,0.020190803089192872
Kilbourn Ave & Irving Park Rd,4,19811,0.020190803089192872
Kildare Ave & North Ave,4,19811,0.020190803089192872
Monticello Ave & Diversey Ave,4,19811,0.020190803089192872
Damen Ave & Ohio St,4,19811,0.020190803089192872
Shields Ave & 28th Pl,4,19811,0.020190803089192872
Claremont Ave & Hirsch St,4,19811,0.020190803089192872
Artesian Ave & Hubbard St,4,19811,0.020190803089192872
Milwaukee Ave & Ainslie St,4,19811,0.020190803089192872
Kildare Ave & Chicago Ave,4,19811,0.020190803089192872
Calumet Ave & 33rd St,4,19811,0.020190803089192872
Wabansia & Milwaukee,4,19811,0.020190803089192872
Parnell Ave & 31st St,4,19811,0.020190803089192872
Western Ave & Berteau Ave,4,19811,0.020190803089192872
Public Rack - Jonathan Y Scammon Public School,4,19811,0.020190803089192872
Ashland Ave & Archer Ave,4,19811,0.020190803089192872
Lockwood Ave & Wrightwood Ave,4,19811,0.020190803089192872
Riverside Plaza & Adams St,4,19811,0.020190803089192872
Cottage Grove Ave & 49th St,4,19811,0.020190803089192872
Prairie Ave & 43rd St,4,19811,0.020190803089192872
Indiana Ave & 40th St,3,19811,0.015143102316894655
2112 W Peterson Ave,3,19811,0.015143102316894655
Midway Orange Line,3,19811,0.015143102316894655
State St & 45th St,3,19811,0.015143102316894655
Mayfield Ave & Roosevelt Rd,3,19811,0.015143102316894655
Sacramento Ave & Pratt Blvd,3,19811,0.015143102316894655
Public Rack - Central Park & Bryn Mawr,3,19811,0.015143102316894655
Indiana Ave & 133rd St,3,19811,0.015143102316894655
Nordica Ave & Medill Ave,3,19811,0.015143102316894655
Wood St & Webster Ave,3,19811,0.015143102316894655
Green St & Randolph St,3,19811,0.015143102316894655
Kedzie Ave & Armitage Ave,3,19811,0.015143102316894655
Meade Ave & Fullerton Ave,3,19811,0.015143102316894655
Sheffield/Newport Corral,3,19811,0.015143102316894655
Central Ave & Madison St,3,19811,0.015143102316894655
Cottage Grove Ave & 71st St,3,19811,0.015143102316894655
Paulina St & Lincoln Ave Public Rack,3,19811,0.015143102316894655
Halsted St & North Branch St,3,19811,0.015143102316894655
Western Ave & Lake St,3,19811,0.015143102316894655
Ellis Ave & 83rd St,3,19811,0.015143102316894655
Dearborn St & Washington St,3,19811,0.015143102316894655
The Salt Shed,3,19811,0.015143102316894655
Western Ave & 21st St,3,19811,0.015143102316894655
Pulaski Rd & Eddy St,3,19811,0.015143102316894655
Public Rack - Spaulding Ave & North Ave,3,19811,0.015143102316894655
Cottage Grove Ave & 43rd St,3,19811,0.015143102316894655
Constance Ave & 95th St,3,19811,0.015143102316894655
Prospect Sq & 91st St,3,19811,0.015143102316894655
Halsted St & Court Pl,3,19811,0.015143102316894655
Albany Ave & Montrose Ave,3,19811,0.015143102316894655
Whipple St & Roosevelt Rd,3,19811,0.015143102316894655
Addison/Wilton Corral,3,19811,0.015143102316894655
Harding Ave & 26th St,3,19811,0.015143102316894655
Albany Ave & 26th St,3,19811,0.015143102316894655
Milwaukee Ave & Diversey Ave,3,19811,0.015143102316894655
Ashland Ave & 74th St,3,19811,0.015143102316894655
Rockwell St & Cermak Rd,3,19811,0.015143102316894655
Stony Island Ave & 67th St,3,19811,0.015143102316894655
California Ave & Touhy Ave,3,19811,0.015143102316894655
Long Ave & North Ave,3,19811,0.015143102316894655
Artesian Ave & 55th St,3,19811,0.015143102316894655
Public Rack - Jensen Park,3,19811,0.015143102316894655
Ogden Ave & Roosevelt Rd,3,19811,0.015143102316894655
Harding Ave & Division St,3,19811,0.015143102316894655
Oakley Ave & Touhy Ave,3,19811,0.015143102316894655
Kedvale Ave & Peterson Ave,3,19811,0.015143102316894655
Oglesby Ave & 100th St,3,19811,0.015143102316894655
Public Rack - Halsted St & 63rd St,3,19811,0.015143102316894655
Peoria St & Kinzie St,3,19811,0.015143102316894655
Lavergne Ave & Division St,3,19811,0.015143102316894655
Narragansett Ave & North Ave,3,19811,0.015143102316894655
Drake Ave & Addison St,3,19811,0.015143102316894655
Halsted St & Armitage Ave,3,19811,0.015143102316894655
Paulina St & Cortland St,3,19811,0.015143102316894655
Sawyer Ave & Fullerton Ave,3,19811,0.015143102316894655
Richmond St & Lincoln Ave,3,19811,0.015143102316894655
Halsted St & 47th Pl,3,19811,0.015143102316894655
Austin Blvd & Madison St,3,19811,0.015143102316894655
Burling St & Armitage Ave,3,19811,0.015143102316894655
Public Rack - Karlov Ave & Milwaukee Ave,3,19811,0.015143102316894655
Western Ave & Lyndale St,3,19811,0.015143102316894655
Kilbourn Ave & Roscoe St,3,19811,0.015143102316894655
N Damen Ave & W Chicago Ave,3,19811,0.015143102316894655
Elston Ave & Wabansia Ave,3,19811,0.015143102316894655
Kedzie Ave & Roosevelt Rd,3,19811,0.015143102316894655
Merrimac Park,3,19811,0.015143102316894655
Cherry Ave & Blackhawk St,3,19811,0.015143102316894655
Sacramento Ave & Lunt Ave,3,19811,0.015143102316894655
Washtenaw Ave & Ogden Ave,3,19811,0.015143102316894655
Burley Ave & 91st St,3,19811,0.015143102316894655
Pine Grove Ave & Belmont Ave,3,19811,0.015143102316894655
Rainbow Beach,3,19811,0.015143102316894655
Southport Ave & Grace St,3,19811,0.015143102316894655
Larrabee St & Clybourn Ave,3,19811,0.015143102316894655
Dearborn St & Adams St Corral,3,19811,0.015143102316894655
Racine/Eddy Corral,3,19811,0.015143102316894655
Clinton St & Polk St,3,19811,0.015143102316894655
Stony Island Ave & 64th St,3,19811,0.015143102316894655
St. Louis & 71st St,3,19811,0.015143102316894655
Racine Ave & Garfield Blvd,2,19811,0.010095401544596436
Morgan St & Pershing Rd,2,19811,0.010095401544596436
Public Rack - Emerald Ave & 43rd St,2,19811,0.010095401544596436
Central Park Ave & North Ave,2,19811,0.010095401544596436
Long Ave & Belden Ave,2,19811,0.010095401544596436
Mozart St & Jackson Blvd,2,19811,0.010095401544596436
Central Ave & Parker Ave,2,19811,0.010095401544596436
Eddy/Seminary Corral,2,19811,0.010095401544596436
Kilpatrick Ave & Grand Ave,2,19811,0.010095401544596436
Public Rack - Natoma Ave & 61st St,2,19811,0.010095401544596436
Stony Island Ave & 75th St,2,19811,0.010095401544596436
Walden Pkwy & 100th St,2,19811,0.010095401544596436
Public Rack - Milwaukee Ave & School St,2,19811,0.010095401544596436
Latrobe Ave & Chicago Ave,2,19811,0.010095401544596436
N Green St & W Lake St,2,19811,0.010095401544596436
Sacramento Ave & Lyndale St,2,19811,0.010095401544596436
Kildare Ave & Archer Ave,2,19811,0.010095401544596436
Leavitt St & Hirsch St,2,19811,0.010095401544596436
Kilbourn Ave & Diversey Ave,2,19811,0.010095401544596436
Karlov Ave & Armitage Ave,2,19811,0.010095401544596436
Lamon Ave & Armitage Ave,2,19811,0.010095401544596436
Ada St & 113th Pl,2,19811,0.010095401544596436
Public Rack - N Narragansett Ave & Grand Ave,2,19811,0.010095401544596436
Halsted St & 37th St,2,19811,0.010095401544596436
Phillips Ave & 83rd St,2,19811,0.010095401544596436
Franklin St & Randolph St,2,19811,0.010095401544596436
Dodge Ave & Mulford St,2,19811,0.010095401544596436
Pulaski Rd & 60th Pl,2,19811,0.010095401544596436
Bradley Park,2,19811,0.010095401544596436
Sacramento Ave & 25th St,2,19811,0.010095401544596436
Troy St & Jackson Blvd,2,19811,0.010095401544596436
Damen Ave & Coulter St,2,19811,0.010095401544596436
Central Ave & Harrison St,2,19811,0.010095401544596436
Vernon Ave & 79th St,2,19811,0.010095401544596436
Central Park Ave & Augusta Blvd,2,19811,0.010095401544596436
Keystone Ave & Fullerton Ave,2,19811,0.010095401544596436
Clark/Racine Corral,2,19811,0.010095401544596436
Shabbona Park,2,19811,0.010095401544596436
Major Taylor Trail & 115th St,2,19811,0.010095401544596436
Tripp Ave & 15th St,2,19811,0.010095401544596436
Clark/Eddy,2,19811,0.010095401544596436
Rainbow - Beach,2,19811,0.010095401544596436
Princeton Ave & Garfield Blvd,2,19811,0.010095401544596436
Southport Ave & Diversey Pkwy,2,19811,0.010095401544596436
Ashland Ave & Grand Ave,2,19811,0.010095401544596436
Princeton Ave & 47th St,2,19811,0.010095401544596436
Kilbourn Ave & Milwaukee Ave,2,19811,0.010095401544596436
Damen Ave & 87th St,2,19811,0.010095401544596436
Addison/Racine Corral,2,19811,0.010095401544596436
Public Rack - Michigan Ave & Delaware Pl,2,19811,0.010095401544596436
Yates Blvd & 75th St,2,19811,0.010095401544596436
Canal St & Lake St,2,19811,0.010095401544596436
Pulaski Rd & Congress Pkwy,2,19811,0.010095401544596436
Dan Ryan Woods & 83rd St,2,19811,0.010095401544596436
Commercial Ave & 83rd St,2,19811,0.010095401544596436
Washington Blvd & Peoria St Public Rack,2,19811,0.010095401544596436
Major Ave & Addison St,2,19811,0.010095401544596436
Public Rack - Rush St & Ohio St,2,19811,0.010095401544596436
Public Rack - Prairie Ave & 47th St ,2,19811,0.010095401544596436
Portage Park,2,19811,0.010095401544596436
Public Rack - Western Ave & 92nd Pl,2,19811,0.010095401544596436
Laramie Ave & Bloomingdale Ave,2,19811,0.010095401544596436
Halsted St & 59th St,2,19811,0.010095401544596436
Western Ave & Gunnison St,2,19811,0.010095401544596436
Melvina Ave & Giddings Ave,2,19811,0.010095401544596436
Lamon Ave & Belmont Ave,2,19811,0.010095401544596436
Halsted St & 63rd St,2,19811,0.010095401544596436
Public Rack - Laramine Ave & Winnemac Ave,2,19811,0.010095401544596436
Archer Ave & Homan Ave,2,19811,0.010095401544596436
Public Rack - Washtenaw Ave & Superior St,2,19811,0.010095401544596436
Racine Ave & Webster Ave,2,19811,0.010095401544596436
California Ave & 23rd Pl,2,19811,0.010095401544596436
Calumet Ave & 51st St,2,19811,0.010095401544596436
Archer Ave & 43rd St,2,19811,0.010095401544596436
St Louis Ave & Armitage Ave,2,19811,0.010095401544596436
Rockwell St & 63rd St,2,19811,0.010095401544596436
Harlem Ave & Irving Park Rd,2,19811,0.010095401544596436
Cottage Grove Ave & 47th St,2,19811,0.010095401544596436
Sheffield Ave & School St,2,19811,0.010095401544596436
Lawndale Ave & 111th St,2,19811,0.010095401544596436
Public Rack - Hiawatha & Mendota,2,19811,0.010095401544596436
Sheffield Ave & Fletcher St,2,19811,0.010095401544596436
Central Park Ave & Douglas Blvd,2,19811,0.010095401544596436
Public Rack - Kingston Ave & 75th St,2,19811,0.010095401544596436
Central Park & Augusta Blvd,2,19811,0.010095401544596436
State St & Pershing Rd,2,19811,0.010095401544596436
Wabash Ave & 83rd St,2,19811,0.010095401544596436
May St & 69th St,2,19811,0.010095401544596436
Martin Luther King Dr & 87th St,2,19811,0.010095401544596436
North Ave & New England Ave,2,19811,0.010095401544596436
Long & Irving Park,2,19811,0.010095401544596436
Cottage Grove Ave & 78th St,2,19811,0.010095401544596436
Damen Ave & 77th St,2,19811,0.010095401544596436
LaSalle St & Calhoun Pl Corral,2,19811,0.010095401544596436
Western Ave & 28th St,2,19811,0.010095401544596436
Public Rack - Washtenaw Ave & Devon Ave,2,19811,0.010095401544596436
Long Ave & Belmont Ave,2,19811,0.010095401544596436
Public Rack - Lawndale Ave & Diversey Ave,2,19811,0.010095401544596436
Public Rack - N. Oakview and W. Gregory St,2,19811,0.010095401544596436
Ravenswood Ave & Irving Park Rd,2,19811,0.010095401544596436
Western Ave & 104th St,2,19811,0.010095401544596436
Sheffield Ave & Armitage Ave Public Rack,2,19811,0.010095401544596436
Damen Ave & Grand Ave,2,19811,0.010095401544596436
Public Rack - Hamlin Ave & Montrose Ave,2,19811,0.010095401544596436
Addison/Sheffield SW Corral,2,19811,0.010095401544596436
Public Rack - Kenneth & Carmen,2,19811,0.010095401544596436
Wood St & Walnut St,2,19811,0.010095401544596436
Public Rack - Olmstead Ave & Oliphant Ave,2,19811,0.010095401544596436
Elston Ave & George St,2,19811,0.010095401544596436
Marmora Ave & Irving Park Rd,2,19811,0.010095401544596436
Springfield Ave & North Ave,2,19811,0.010095401544596436
Tripp Ave & 31st St,2,19811,0.010095401544596436
Ewing Ave & 106th St,2,19811,0.010095401544596436
Austin Blvd & Chicago Ave,2,19811,0.010095401544596436
Springfield Ave & 80th St,2,19811,0.010095401544596436
Perry Ave & 69th St,2,19811,0.010095401544596436
Marshfield Ave & 44th St,2,19811,0.010095401544596436
Franklin St & Madison St,2,19811,0.010095401544596436
Evans Ave & 75th St,2,19811,0.010095401544596436
Public Rack - Milwaukee Ave & Haussen Ct,2,19811,0.010095401544596436
Albany Ave & Belmont Ave,2,19811,0.010095401544596436
Phillips Ave & 79th St,2,19811,0.010095401544596436
Lock St & 31st St,2,19811,0.010095401544596436
Public Rack - Pulaski & Ardmore,2,19811,0.010095401544596436
New England Ave & North Ave,1,19811,0.005047700772298218
Public Rack - Rockwell St & Chicago Ave,1,19811,0.005047700772298218
Public Rack - Western Ave & 107th St,1,19811,0.005047700772298218
Baltimore Ave & 133rd St,1,19811,0.005047700772298218
LaSalle St & Adams St Corral,1,19811,0.005047700772298218
Kenton Ave & Madison St,1,19811,0.005047700772298218
Marquette Ave & 89th St,1,19811,0.005047700772298218
Loomis Blvd & 84th St,1,19811,0.005047700772298218
Public Rack - Emerald Ave & 45th St,1,19811,0.005047700772298218
Seeley Ave & Garfield Blvd,1,19811,0.005047700772298218
Hamlin Ave & Grand Ave,1,19811,0.005047700772298218
Granville Ave & Pulaski Rd,1,19811,0.005047700772298218
Leclaire Ave & Belmont Ave,1,19811,0.005047700772298218
Ewing Ave & 97th St,1,19811,0.005047700772298218
Troy St & Grace St,1,19811,0.005047700772298218
Hyacinth Ave & Milwaukee Ave,1,19811,0.005047700772298218
Farragut Ave & Central Ave,1,19811,0.005047700772298218
State St & 54th St,1,19811,0.005047700772298218
Public Rack - Bishop St & 46th St,1,19811,0.005047700772298218
Western Ave & Ardmore Ave,1,19811,0.005047700772298218
Ping Tom Park East Public Rack,1,19811,0.005047700772298218
Public Rack - Parkside & Elston,1,19811,0.005047700772298218
Southport Ave & Newport Ave Public Rack,1,19811,0.005047700772298218
Public Rack - Martin Luther King Dr & 44th St,1,19811,0.005047700772298218
Leavitt St/North Ave,1,19811,0.005047700772298218
Public Rack - Austin Ave & Wrightwood Ave,1,19811,0.005047700772298218
Lake/Aberdeen Corral,1,19811,0.005047700772298218
Public Rack - Michigan Ave & Wacker Dr (South),1,19811,0.005047700772298218
Kostner Ave & Lake St,1,19811,0.005047700772298218
Yates Ave & 95th St,1,19811,0.005047700772298218
Public Rack - Hamlin Ave & Chicago Ave,1,19811,0.005047700772298218
Wacker Dr & Washington St Corral,1,19811,0.005047700772298218
Morgan St & Hubbard St,1,19811,0.005047700772298218
Public Rack - Orleans St & Grand Ave,1,19811,0.005047700772298218
Public Rack - Racine Ave & Nelson St,1,19811,0.005047700772298218
Kedzie Ave & 48th Pl,1,19811,0.005047700772298218
Mango Ave & North Ave,1,19811,0.005047700772298218
21st St & Pulaski Rd,1,19811,0.005047700772298218
California Ave & 71st St,1,19811,0.005047700772298218
Halsted St & 111th St,1,19811,0.005047700772298218
Mason Ave & Belmont Ave,1,19811,0.005047700772298218
Laflin St & 115th St,1,19811,0.005047700772298218
Hampden Ct & Diversey Ave,1,19811,0.005047700772298218
Public Rack - Milwaukee Ave & Pensacola Ave,1,19811,0.005047700772298218
Harlem Ave & Bloomingdale Ave,1,19811,0.005047700772298218
Wells St & Randolph St Corral,1,19811,0.005047700772298218
Ping Tom Park (East),1,19811,0.005047700772298218
Lawndale Ave & 16th St,1,19811,0.005047700772298218
Public Rack - Bernard St & Foster Ave,1,19811,0.005047700772298218
Oakley Ave & Lyndale St,1,19811,0.005047700772298218
Rockwell St & 47th St,1,19811,0.005047700772298218
Public Rack - Milwaukee Ave & Culyer Ave,1,19811,0.005047700772298218
Public Rack - Mont Clare Ave & Higgins Ave,1,19811,0.005047700772298218
Public Rack - Wabash Ave & Chicago Ave,1,19811,0.005047700772298218
Public Rack - Sawyer Ave & Bryn Mawr Ave - SE,1,19811,0.005047700772298218
Harding Ave & Chicago Ave,1,19811,0.005047700772298218
Carpenter St & Lake St Public Rack,1,19811,0.005047700772298218
Pulaski Rd & 60th St,1,19811,0.005047700772298218
Halsted St & 83rd St,1,19811,0.005047700772298218
Vincennes Ave & 95th St,1,19811,0.005047700772298218
Public Rack - Pulaski Rd & Polk St,1,19811,0.005047700772298218
Public Rack - King Dr & 115th St,1,19811,0.005047700772298218
Public Rack - Leamington & Elston,1,19811,0.005047700772298218
Laramie Ave & Addison St,1,19811,0.005047700772298218
Wellington Ave & Mulligan Ave,1,19811,0.005047700772298218
Waveland/Racine Corral,1,19811,0.005047700772298218
Francisco Ave & Montrose Ave,1,19811,0.005047700772298218
Public Rack - Kimball & Ardmore,1,19811,0.005047700772298218
Public Rack - Oketo & Northwest Hwy,1,19811,0.005047700772298218
Whipple St & Irving Park Rd,1,19811,0.005047700772298218
Pulaski Rd & 51st St,1,19811,0.005047700772298218
St. Louis Ave & 71st St,1,19811,0.005047700772298218
Public Rack - Damen Ave & Division St,1,19811,0.005047700772298218
Menard Ave & Lawrence Ave,1,19811,0.005047700772298218
Public Rack - Eberhart Ave & 61st St,1,19811,0.005047700772298218
Public Rack - Lincoln Ave & Fullteron Ave (Northwest),1,19811,0.005047700772298218
Kedzie Ave & 54th Pl,1,19811,0.005047700772298218
Public Rack - Avers & Lawrence,1,19811,0.005047700772298218
Springfield Ave & 47th St,1,19811,0.005047700772298218
Vincennes Ave & 104th St,1,19811,0.005047700772298218
Kedzie Ave & Archer Ave,1,19811,0.005047700772298218
Rockwell St & 57th St,1,19811,0.005047700772298218
Wallace St & 28th St,1,19811,0.005047700772298218
Public Rack - Irving Park Rd & Menard Ave,1,19811,0.005047700772298218
Kedzie Ave & 110th St,1,19811,0.005047700772298218
Public Rack - Central Ave & Lawrence Ave,1,19811,0.005047700772298218
Western Ave & 79th St,1,19811,0.005047700772298218
Halsted St & 78th St,1,19811,0.005047700772298218
Public Rack - Sawyer Ave & Lawrence Ave,1,19811,0.005047700772298218
Noble St & Potomac Ave,1,19811,0.005047700772298218
Francisco Ave & 85th St,1,19811,0.005047700772298218
Clyde Ave & 87th St,1,19811,0.005047700772298218
Halsted St & 73rd St,1,19811,0.005047700772298218
Public Rack - Ewing Ave & 95th St,1,19811,0.005047700772298218
Damen Ave & 33rd St,1,19811,0.005047700772298218
Western Ave & 111th St,1,19811,0.005047700772298218
Loomis St & 95th St,1,19811,0.005047700772298218
Shields Ave & 43rd St,1,19811,0.005047700772298218
Laramie Ave & Madison St,1,19811,0.005047700772298218
Sacramento Blvd & Fulton St,1,19811,0.005047700772298218
Ave H & 110th St,1,19811,0.005047700772298218
California Ave & Madison St,1,19811,0.005047700772298218
Cicero Ave & Quincy St,1,19811,0.005047700772298218
Public Rack - Springfield Ave & Lawrence Ave,1,19811,0.005047700772298218
Elizabeth St & 47th St,1,19811,0.005047700772298218
Higgins Ave & Austin Ave,1,19811,0.005047700772298218
Fairfield Ave & 44th St,1,19811,0.005047700772298218
Pulaski Rd & 68th St,1,19811,0.005047700772298218
Springfield Ave & 71st St,1,19811,0.005047700772298218
Public Rack - Winona St & Elston Ave,1,19811,0.005047700772298218
Maplewood Ave & 59th St,1,19811,0.005047700772298218
Public Rack - Kingsbury Ave & Blackhawk St,1,19811,0.005047700772298218
Artesian Ave & Marquette Rd,1,19811,0.005047700772298218
Public Rack - Western Ave & 105th St,1,19811,0.005047700772298218
Ashland Ave & 63rd St,1,19811,0.005047700772298218
Public Rack - Campbell Ave & Pratt Blvd,1,19811,0.005047700772298218
Kedzie Ave & 24th St,1,19811,0.005047700772298218
Clark/Newport,1,19811,0.005047700772298218
Public Rack - Dearborn St & Jackson Ave,1,19811,0.005047700772298218
Halsted St & 104th St,1,19811,0.005047700772298218
Augusta Blvd & Laramie Ave,1,19811,0.005047700772298218
Kedzie Ave & George St,1,19811,0.005047700772298218
Public Rack - Peterson Ave & Drake Ave,1,19811,0.005047700772298218
Elston Ave & Henderson St,1,19811,0.005047700772298218
Damen Ave & 59th St,1,19811,0.005047700772298218
Waveland/Racine,1,19811,0.005047700772298218
Albany Ave & 16th St,1,19811,0.005047700772298218
Kenmore Ave & Catalpa Ave,1,19811,0.005047700772298218
Public Rack - Southport Ave & Webster Ave,1,19811,0.005047700772298218
Narragansett Ave & School St,1,19811,0.005047700772298218
Public Rack - Woodlawn Ave & 63rd St N,1,19811,0.005047700772298218
Summit Ave & 86th St,1,19811,0.005047700772298218
Marshfield Ave & Wabansia Ave,1,19811,0.005047700772298218
Public Rack - Lotus Ave & Lawrence Ave,1,19811,0.005047700772298218
Wood St & 84th St,1,19811,0.005047700772298218
Homan Ave & Arthington Ave,1,19811,0.005047700772298218
Oriole Ave & Irving Park Rd,1,19811,0.005047700772298218
Grace/Sheffield Corral,1,19811,0.005047700772298218
Pulaski Rd & Ann Lurie Pl,1,19811,0.005047700772298218
Tripp Ave & 65th St,1,19811,0.005047700772298218
Komensky Ave & 31st St,1,19811,0.005047700772298218
Pine Ave & Division St,1,19811,0.005047700772298218
Kedzie Ave & 60th St,1,19811,0.005047700772298218
Houston Ave & 92nd St,1,19811,0.005047700772298218
Public Rack - May St & 63rd St,1,19811,0.005047700772298218
Paulina Ave & 87th St,1,19811,0.005047700772298218
Burley Ave & 85th St,1,19811,0.005047700772298218
Karlov Ave & Madison St,1,19811,0.005047700772298218
Long Ave & Irving Park Rd,1,19811,0.005047700772298218
Calumet Ave & 71st St,1,19811,0.005047700772298218
Smith Park,1,19811,0.005047700772298218
Public Rack - Homan Ave & Lake St,1,19811,0.005047700772298218
Greenwood Ave & 79th St,1,19811,0.005047700772298218
Commercial Ave & 90th St,1,19811,0.005047700772298218
Homan Ave & 26th St,1,19811,0.005047700772298218
Throop St & 52nd St,1,19811,0.005047700772298218
Public Rack - Touhy Ave & Oconto Ave,1,19811,0.005047700772298218
Public Rack - Whipple St & 63rd St,1,19811,0.005047700772298218
Western Ave & 62nd St,1,19811,0.005047700772298218
Leavitt St & Augusta Blvd,1,19811,0.005047700772298218
Public Rack - Irving Park Rd & Leclaire Ave,1,19811,0.005047700772298218
Wallace St & Pershing Rd,1,19811,0.005047700772298218
Knox Ave & Marquette Ave,1,19811,0.005047700772298218
Public Rack - Nagel & Higgins,1,19811,0.005047700772298218
Public Rack - Trader Joe's Clybourn Ave,1,19811,0.005047700772298218
Central Park Ave & 24th St,1,19811,0.005047700772298218
Kedzie Ave & Lake St,1,19811,0.005047700772298218
Public Rack - Lawrence Ave & Kimball Ave,1,19811,0.005047700772298218
Francisco Ave & 47th St,1,19811,0.005047700772298218
La Villita Park,1,19811,0.005047700772298218
Kildare & Cermak,1,19811,0.005047700772298218
Ewing Ave & Burnham Greenway,1,19811,0.005047700772298218
Spaulding Ave & 16th St,1,19811,0.005047700772298218
Lavergne Ave & Lawrence Ave,1,19811,0.005047700772298218
Campbell Ave & Irving Park Rd,1,19811,0.005047700772298218
Winthrop Ave & Bryn Mawr Ave,1,19811,0.005047700772298218
Grace St & Central Ave,1,19811,0.005047700772298218
Laramie Ave & Kinzie St,1,19811,0.005047700772298218
Public Rack - Harriet E Sayre Public School,1,19811,0.005047700772298218
California Ave & 26th St,1,19811,0.005047700772298218
Public Rack - Christiana & Lincoln,1,19811,0.005047700772298218
Public Rack - Kostner Ave & Wrightwood Ave,1,19811,0.005047700772298218
Public Rack - Langley Ave & Oakwood Blvd,1,19811,0.005047700772298218
State St & 111th St,1,19811,0.005047700772298218
Ashland Ave & McDowell Ave,1,19811,0.005047700772298218
Public Rack - Ashland Ave & 63rd St,1,19811,0.005047700772298218
Lexington St & California Ave,1,19811,0.005047700772298218
Public Rack - Clybourn Ave & Webster Ave,1,19811,0.005047700772298218
Panama Ave & Grace St,1,19811,0.005047700772298218
Linder Ave & Montrose Ave,1,19811,0.005047700772298218
Clark/Newport Corral,1,19811,0.005047700772298218
Wabash Ave & 49th St,1,19811,0.005047700772298218
Hale Ave & 107th St,1,19811,0.005047700772298218
Halsted St & 56th St,1,19811,0.005047700772298218
Public Rack - Normal Blvd & 61st Pl,1,19811,0.005047700772298218
Damen Ave & Evergreen Ave,1,19811,0.005047700772298218
Mango Ave & Diversey Ave,1,19811,0.005047700772298218
California Ave & 21st St,1,19811,0.005047700772298218
Public Rack - Carpenter St & Madison St,1,19811,0.005047700772298218
Parkside Ave & Armitage Ave,1,19811,0.005047700772298218
Michigan Ave & 71st St,1,19811,0.005047700772298218
Public Rack - Hyde Park Blvd & 53rd St,1,19811,0.005047700772298218
Oconto Ave & Belmont Ave,1,19811,0.005047700772298218
Damen Ave & 51st St,1,19811,0.005047700772298218
Avers Ave & 103rd St,1,19811,0.005047700772298218
